{
  "workspace": [
    0,
    10,
    0,
    10
  ],
  "start": [
    1,
    1
  ],
  "goal": [
    8,
    8
  ],
  "obstacles": [
    [
      [
        6.180047699171127,
        1.7256874713819927
      ],
      [
        7.3723981638931795,
        1.7256874713819927
      ],
      [
        7.3723981638931795,
        2.482928091996441
      ],
      [
        6.180047699171127,
        2.482928091996441
      ]
    ],
    [
      [
        1.4592511575824902,
        4.692835351566113
      ],
      [
        2.8932213689377173,
        4.692835351566113
      ],
      [
        2.8932213689377173,
        5.3996104312762006
      ],
      [
        1.4592511575824902,
        5.3996104312762006
      ]
    ],
    [
      [
        1.0977535385872277,
        7.332417309712989
      ],
      [
        2.0209908348759433,
        7.332417309712989
      ],
      [
        2.0209908348759433,
        8.072101241757608
      ],
      [
        1.0977535385872277,
        8.072101241757608
      ]
    ],
    [
      [
        3.9250925061563544,
        5.417900559379372
      ],
      [
        4.546288670005093,
        5.417900559379372
      ],
      [
        4.546288670005093,
        6.068944997946503
      ],
      [
        3.9250925061563544,
        6.068944997946503
      ]
    ],
    [
      [
        2.1047524912683357,
        5.974840547083721
      ],
      [
        3.0219017891169404,
        5.974840547083721
      ],
      [
        3.0219017891169404,
        6.990243436605288
      ],
      [
        2.1047524912683357,
        6.990243436605288
      ]
    ],
    [
      [
        0.15527426675490402,
        7.038822908450974
      ],
      [
        0.9804565731540837,
        7.038822908450974
      ],
      [
        0.9804565731540837,
        7.639038525680614
      ],
      [
        0.15527426675490402,
        7.639038525680614
      ]
    ]
  ]
}