{
  "workspace": [
    0,
    10,
    0,
    10
  ],
  "start": [
    1,
    1
  ],
  "goal": [
    8,
    8
  ],
  "obstacles": [
    [
      [
        2.2594176787837266,
        6.297710383375707
      ],
      [
        3.724917252122165,
        6.297710383375707
      ],
      [
        3.724917252122165,
        7.074368788786632
      ],
      [
        2.2594176787837266,
        7.074368788786632
      ]
    ],
    [
      [
        5.469146721865055,
        1.496211025017689
      ],
      [
        6.430118679450326,
        1.496211025017689
      ],
      [
        6.430118679450326,
        2.2247024905437156
      ],
      [
        5.469146721865055,
        2.2247024905437156
      ]
    ],
    [
      [
        4.41264631283181,
        0.1360780777825582
      ],
      [
        5.693691312530617,
        0.1360780777825582
      ],
      [
        5.693691312530617,
        1.3269859426013562
      ],
      [
        4.41264631283181,
        1.3269859426013562
      ]
    ],
    [
      [
        5.433305556157783,
        7.80487281937818
      ],
      [
        6.811722407399068,
        7.80487281937818
      ],
      [
        6.811722407399068,
        8.421998129474256
      ],
      [
        5.433305556157783,
        8.421998129474256
      ]
    ],
    [
      [
        8.549756363198066,
        8.191235796486426
      ],
      [
        9.86270226444064,
        8.191235796486426
      ],
      [
        9.86270226444064,
        9.682591437922087
      ],
      [
        8.549756363198066,
        9.682591437922087
      ]
    ],
    [
      [
        1.219393241184462,
        7.007800359524969
      ],
      [
        1.9478259192755125,
        7.007800359524969
      ],
      [
        1.9478259192755125,
        7.7661821323247935
      ],
      [
        1.219393241184462,
        7.7661821323247935
      ]
    ]
  ]
}