{
  "workspace": [
    0,
    10,
    0,
    10
  ],
  "start": [
    1,
    1
  ],
  "goal": [
    8,
    8
  ],
  "obstacles": [
    [
      [
        3.835574766364256,
        1.0115432356499543
      ],
      [
        4.601901960492611,
        1.0115432356499543
      ],
      [
        4.601901960492611,
        1.8697732987979667
      ],
      [
        3.835574766364256,
        1.8697732987979667
      ]
    ],
    [
      [
        3.5257583734251465,
        8.8823370816443
      ],
      [
        4.405840134890336,
        8.8823370816443
      ],
      [
        4.405840134890336,
        9.502161642687442
      ],
      [
        3.5257583734251465,
        9.502161642687442
      ]
    ],
    [
      [
        8.618150657282312,
        2.702062861025825
      ],
      [
        9.72562819082808,
        2.702062861025825
      ],
      [
        9.72562819082808,
        3.884600282198629
      ],
      [
        8.618150657282312,
        3.884600282198629
      ]
    ],
    [
      [
        6.662375039281948,
        3.7616972614100126
      ],
      [
        7.580042701182049,
        3.7616972614100126
      ],
      [
        7.580042701182049,
        4.395116151124852
      ],
      [
        6.662375039281948,
        4.395116151124852
      ]
    ],
    [
      [
        4.5707852943043905,
        3.6471443292682486
      ],
      [
        5.701463790723737,
        3.6471443292682486
      ],
      [
        5.701463790723737,
        4.749055467868014
      ],
      [
        4.5707852943043905,
        4.749055467868014
      ]
    ],
    [
      [
        7.247032929604095,
        4.7820086600441485
      ],
      [
        8.342939198106736,
        4.7820086600441485
      ],
      [
        8.342939198106736,
        5.931401708643113
      ],
      [
        7.247032929604095,
        5.931401708643113
      ]
    ]
  ]
}