{
  "workspace": [
    0,
    10,
    0,
    10
  ],
  "start": [
    1,
    1
  ],
  "goal": [
    8,
    8
  ],
  "obstacles": [
    [
      [
        1.3100974957168146,
        7.837629479927605
      ],
      [
        2.8076679316175475,
        7.837629479927605
      ],
      [
        2.8076679316175475,
        9.267280147759417
      ],
      [
        1.3100974957168146,
        9.267280147759417
      ]
    ],
    [
      [
        2.9684962431681767,
        8.16182325037003
      ],
      [
        4.132940555193414,
        8.16182325037003
      ],
      [
        4.132940555193414,
        9.294066904544334
      ],
      [
        2.9684962431681767,
        9.294066904544334
      ]
    ],
    [
      [
        3.675711957508246,
        6.180168794643571
      ],
      [
        4.427023216550264,
        6.180168794643571
      ],
      [
        4.427023216550264,
        7.281144844704961
      ],
      [
        3.675711957508246,
        7.281144844704961
      ]
    ],
    [
      [
        7.049861939868233,
        3.648195834865874
      ],
      [
        8.012396376251754,
        3.648195834865874
      ],
      [
        8.012396376251754,
        4.915892258682568
      ],
      [
        7.049861939868233,
        4.915892258682568
      ]
    ],
    [
      [
        4.34057706297737,
        2.794156434283961
      ],
      [
        5.713795887896681,
        2.794156434283961
      ],
      [
        5.713795887896681,
        4.0509302336986925
      ],
      [
        4.34057706297737,
        4.0509302336986925
      ]
    ],
    [
      [
        8.51669803328678,
        5.0068077166717995
      ],
      [
        9.80996091583463,
        5.0068077166717995
      ],
      [
        9.80996091583463,
        6.44358587572898
      ],
      [
        8.51669803328678,
        6.44358587572898
      ]
    ]
  ]
}