{
  "workspace": [
    0,
    10,
    0,
    10
  ],
  "start": [
    1,
    1
  ],
  "goal": [
    8,
    8
  ],
  "obstacles": [
    [
      [
        1.708038845437121,
        4.260588821172108
      ],
      [
        2.765083793760932,
        4.260588821172108
      ],
      [
        2.765083793760932,
        5.526032541879712
      ],
      [
        1.708038845437121,
        5.526032541879712
      ]
    ],
    [
      [
        3.866188262589915,
        5.930592107628673
      ],
      [
        4.514966293512153,
        5.930592107628673
      ],
      [
        4.514966293512153,
        6.995206622129732
      ],
      [
        3.866188262589915,
        6.995206622129732
      ]
    ],
    [
      [
        7.327579707383805,
        2.6327263242879453
      ],
      [
        8.137809970510125,
        2.6327263242879453
      ],
      [
        8.137809970510125,
        3.5288303429743286
      ],
      [
        7.327579707383805,
        3.5288303429743286
      ]
    ],
    [
      [
        6.7975439392974195,
        6.134835999443885
      ],
      [
        7.934471408028985,
        6.134835999443885
      ],
      [
        7.934471408028985,
        7.120022729342848
      ],
      [
        6.7975439392974195,
        7.120022729342848
      ]
    ],
    [
      [
        2.981493954201096,
        2.138671414482336
      ],
      [
        4.2159429484102935,
        2.138671414482336
      ],
      [
        4.2159429484102935,
        3.3420733306026875
      ],
      [
        2.981493954201096,
        3.3420733306026875
      ]
    ],
    [
      [
        5.987380955636697,
        4.082395425530659
      ],
      [
        6.615574942081624,
        4.082395425530659
      ],
      [
        6.615574942081624,
        5.038268526495076
      ],
      [
        5.987380955636697,
        5.038268526495076
      ]
    ]
  ]
}