{
  "workspace": [
    0,
    10,
    0,
    10
  ],
  "start": [
    1,
    1
  ],
  "goal": [
    8,
    8
  ],
  "obstacles": [
    [
      [
        3.544702410178591,
        7.436763725630726
      ],
      [
        4.937083279690508,
        7.436763725630726
      ],
      [
        4.937083279690508,
        8.821124995424405
      ],
      [
        3.544702410178591,
        8.821124995424405
      ]
    ],
    [
      [
        2.8192129582126797,
        1.777125455981083
      ],
      [
        3.9970973891833927,
        1.777125455981083
      ],
      [
        3.9970973891833927,
        3.0382584985219747
      ],
      [
        2.8192129582126797,
        3.0382584985219747
      ]
    ],
    [
      [
        3.2303001829650313,
        5.415795198189517
      ],
      [
        4.6452656913170145,
        5.415795198189517
      ],
      [
        4.6452656913170145,
        6.278272393855861
      ],
      [
        3.2303001829650313,
        6.278272393855861
      ]
    ],
    [
      [
        6.5135817581530135,
        5.610574531175766
      ],
      [
        7.697928879234953,
        5.610574531175766
      ],
      [
        7.697928879234953,
        6.527980308789401
      ],
      [
        6.5135817581530135,
        6.527980308789401
      ]
    ],
    [
      [
        5.354312415495363,
        1.7998312056068904
      ],
      [
        6.742061902688469,
        1.7998312056068904
      ],
      [
        6.742061902688469,
        3.031638078456599
      ],
      [
        5.354312415495363,
        3.031638078456599
      ]
    ],
    [
      [
        8.038630022587371,
        3.799459416839751
      ],
      [
        9.112668627865238,
        3.799459416839751
      ],
      [
        9.112668627865238,
        4.8634270572264935
      ],
      [
        8.038630022587371,
        4.8634270572264935
      ]
    ]
  ]
}