{
  "workspace": [
    0,
    10,
    0,
    10
  ],
  "start": [
    1,
    1
  ],
  "goal": [
    8,
    8
  ],
  "obstacles": [
    [
      [
        3.6546238091445624,
        5.398952039934562
      ],
      [
        4.801821754264354,
        5.398952039934562
      ],
      [
        4.801821754264354,
        6.064241574219636
      ],
      [
        3.6546238091445624,
        6.064241574219636
      ]
    ],
    [
      [
        5.203340624564162,
        3.40573499726885
      ],
      [
        6.132074604808033,
        3.40573499726885
      ],
      [
        6.132074604808033,
        4.869586745635372
      ],
      [
        5.203340624564162,
        4.869586745635372
      ]
    ],
    [
      [
        8.353058014164992,
        2.617154058709925
      ],
      [
        9.642953224465275,
        2.617154058709925
      ],
      [
        9.642953224465275,
        3.518718399494251
      ],
      [
        8.353058014164992,
        3.518718399494251
      ]
    ],
    [
      [
        6.185155750453797,
        7.690839908834897
      ],
      [
        7.320096028446482,
        7.690839908834897
      ],
      [
        7.320096028446482,
        8.82866997905817
      ],
      [
        6.185155750453797,
        8.82866997905817
      ]
    ],
    [
      [
        2.769073770489847,
        8.369925891598307
      ],
      [
        4.066311963678469,
        8.369925891598307
      ],
      [
        4.066311963678469,
        9.095381873420472
      ],
      [
        2.769073770489847,
        9.095381873420472
      ]
    ],
    [
      [
        3.3966465608213223,
        6.2401396573874095
      ],
      [
        4.571533364425923,
        6.2401396573874095
      ],
      [
        4.571533364425923,
        7.698546646370229
      ],
      [
        3.3966465608213223,
        7.698546646370229
      ]
    ]
  ]
}