{
  "workspace": [
    0,
    10,
    0,
    10
  ],
  "start": [
    1,
    1
  ],
  "goal": [
    8,
    8
  ],
  "obstacles": [
    [
      [
        0.6049603861021919,
        5.1413377297435705
      ],
      [
        1.9437591896662016,
        5.1413377297435705
      ],
      [
        1.9437591896662016,
        6.0367498552510295
      ],
      [
        0.6049603861021919,
        6.0367498552510295
      ]
    ],
    [
      [
        8.267185071547116,
        6.345932356958008
      ],
      [
        9.731700601616298,
        6.345932356958008
      ],
      [
        9.731700601616298,
        7.230775091019262
      ],
      [
        8.267185071547116,
        7.230775091019262
      ]
    ],
    [
      [
        0.08003107179693103,
        6.479334395717716
      ],
      [
        1.520047348385233,
        6.479334395717716
      ],
      [
        1.520047348385233,
        7.396586822608439
      ],
      [
        0.08003107179693103,
        7.396586822608439
      ]
    ],
    [
      [
        4.981405115237783,
        4.5097125738052775
      ],
      [
        5.909659526634644,
        4.5097125738052775
      ],
      [
        5.909659526634644,
        5.422075993304055
      ],
      [
        4.981405115237783,
        5.422075993304055
      ]
    ],
    [
      [
        8.612267248901679,
        3.8722203986530497
      ],
      [
        9.833397355412915,
        3.8722203986530497
      ],
      [
        9.833397355412915,
        5.328162945296703
      ],
      [
        8.612267248901679,
        5.328162945296703
      ]
    ],
    [
      [
        2.299631927279507,
        1.9470435643099622
      ],
      [
        3.708889011096301,
        1.9470435643099622
      ],
      [
        3.708889011096301,
        3.124136814764758
      ],
      [
        2.299631927279507,
        3.124136814764758
      ]
    ]
  ]
}