{
  "workspace": [
    0,
    10,
    0,
    10
  ],
  "start": [
    1,
    1
  ],
  "goal": [
    8,
    8
  ],
  "obstacles": [
    [
      [
        0.04434897468653798,
        2.6215328217570475
      ],
      [
        0.6959913571988193,
        2.6215328217570475
      ],
      [
        0.6959913571988193,
        3.47052734939282
      ],
      [
        0.04434897468653798,
        3.47052734939282
      ]
    ],
    [
      [
        4.049851233675418,
        2.9476305474470816
      ],
      [
        5.181547794616619,
        2.9476305474470816
      ],
      [
        5.181547794616619,
        3.7793809457743563
      ],
      [
        4.049851233675418,
        3.7793809457743563
      ]
    ],
    [
      [
        7.195977848056209,
        3.307489510366219
      ],
      [
        8.322396692485075,
        3.307489510366219
      ],
      [
        8.322396692485075,
        3.940569032770947
      ],
      [
        7.195977848056209,
        3.940569032770947
      ]
    ],
    [
      [
        8.83694303070134,
        3.1136917650730958
      ],
      [
        9.75558824764648,
        3.1136917650730958
      ],
      [
        9.75558824764648,
        4.391903056582107
      ],
      [
        8.83694303070134,
        4.391903056582107
      ]
    ],
    [
      [
        2.5079318590603146,
        9.02608437237366
      ],
      [
        3.6343687985995645,
        9.02608437237366
      ],
      [
        3.6343687985995645,
        9.942648399583522
      ],
      [
        2.5079318590603146,
        9.942648399583522
      ]
    ],
    [
      [
        8.631499951214405,
        6.8227890197723795
      ],
      [
        9.705303415533468,
        6.8227890197723795
      ],
      [
        9.705303415533468,
        7.596984468245411
      ],
      [
        8.631499951214405,
        7.596984468245411
      ]
    ]
  ]
}