{
  "workspace": [
    0,
    10,
    0,
    10
  ],
  "start": [
    1,
    1
  ],
  "goal": [
    8,
    8
  ],
  "obstacles": [
    [
      [
        3.7831271683596563,
        4.332015071362669
      ],
      [
        5.022756824348478,
        4.332015071362669
      ],
      [
        5.022756824348478,
        5.1424077702140725
      ],
      [
        3.7831271683596563,
        5.1424077702140725
      ]
    ],
    [
      [
        8.564495903382635,
        5.459620952963025
      ],
      [
        9.711754125026104,
        5.459620952963025
      ],
      [
        9.711754125026104,
        6.70538375574848
      ],
      [
        8.564495903382635,
        6.70538375574848
      ]
    ],
    [
      [
        0.2992855250710102,
        6.231195012956127
      ],
      [
        1.0011271167740616,
        6.231195012956127
      ],
      [
        1.0011271167740616,
        6.955741530348132
      ],
      [
        0.2992855250710102,
        6.955741530348132
      ]
    ],
    [
      [
        7.842816854565473,
        3.67242657400615
      ],
      [
        9.32405786026903,
        3.67242657400615
      ],
      [
        9.32405786026903,
        4.417986877865993
      ],
      [
        7.842816854565473,
        4.417986877865993
      ]
    ],
    [
      [
        0.7377366791280433,
        4.56408911345789
      ],
      [
        1.649952383529061,
        4.56408911345789
      ],
      [
        1.649952383529061,
        5.703242363968381
      ],
      [
        0.7377366791280433,
        5.703242363968381
      ]
    ],
    [
      [
        2.1556999391314235,
        6.243999880463728
      ],
      [
        3.0851739559174423,
        6.243999880463728
      ],
      [
        3.0851739559174423,
        6.947519041470001
      ],
      [
        2.1556999391314235,
        6.947519041470001
      ]
    ]
  ]
}