{
  "workspace": [
    0,
    10,
    0,
    10
  ],
  "start": [
    1,
    1
  ],
  "goal": [
    8,
    8
  ],
  "obstacles": [
    [
      [
        4.952168126921732,
        3.9934934468544068
      ],
      [
        6.401923675245049,
        3.9934934468544068
      ],
      [
        6.401923675245049,
        5.049430327114198
      ],
      [
        4.952168126921732,
        5.049430327114198
      ]
    ],
    [
      [
        2.7467375176196938,
        9.256053929326228
      ],
      [
        3.7637764613051865,
        9.256053929326228
      ],
      [
        3.7637764613051865,
        9.979544607367174
      ],
      [
        2.7467375176196938,
        9.979544607367174
      ]
    ],
    [
      [
        2.9143605536956314,
        8.229272708815
      ],
      [
        4.3460683665509094,
        8.229272708815
      ],
      [
        4.3460683665509094,
        9.114020770395374
      ],
      [
        2.9143605536956314,
        9.114020770395374
      ]
    ],
    [
      [
        2.6288322502503134,
        3.9654972802375723
      ],
      [
        3.970863039613747,
        3.9654972802375723
      ],
      [
        3.970863039613747,
        5.213515885947423
      ],
      [
        2.6288322502503134,
        5.213515885947423
      ]
    ],
    [
      [
        5.370603746211281,
        6.941912316454784
      ],
      [
        6.663670003806776,
        6.941912316454784
      ],
      [
        6.663670003806776,
        8.435377998496834
      ],
      [
        5.370603746211281,
        8.435377998496834
      ]
    ],
    [
      [
        3.7129643928165836,
        1.1196950316555867
      ],
      [
        4.445291251534669,
        1.1196950316555867
      ],
      [
        4.445291251534669,
        2.4362097607868125
      ],
      [
        3.7129643928165836,
        2.4362097607868125
      ]
    ]
  ]
}