{
  "workspace": [
    0,
    10,
    0,
    10
  ],
  "start": [
    1,
    1
  ],
  "goal": [
    8,
    8
  ],
  "obstacles": [
    [
      [
        8.731496698729288,
        8.278545890258833
      ],
      [
        9.680854716388083,
        8.278545890258833
      ],
      [
        9.680854716388083,
        9.549482163796863
      ],
      [
        8.731496698729288,
        9.549482163796863
      ]
    ],
    [
      [
        2.6618323689315275,
        2.6087071991817377
      ],
      [
        4.0167182583326655,
        2.6087071991817377
      ],
      [
        4.0167182583326655,
        3.894930474348155
      ],
      [
        2.6618323689315275,
        3.894930474348155
      ]
    ],
    [
      [
        1.6621845973599667,
        0.21645336720301322
      ],
      [
        2.415058043130543,
        0.21645336720301322
      ],
      [
        2.415058043130543,
        1.5669249957249933
      ],
      [
        1.6621845973599667,
        1.5669249957249933
      ]
    ],
    [
      [
        6.153393192829883,
        7.059061648223568
      ],
      [
        7.315956422890338,
        7.059061648223568
      ],
      [
        7.315956422890338,
        8.158311589752746
      ],
      [
        6.153393192829883,
        8.158311589752746
      ]
    ],
    [
      [
        7.745392464573202,
        0.9989725988067586
      ],
      [
        8.743933637666766,
        0.9989725988067586
      ],
      [
        8.743933637666766,
        1.794677379077429
      ],
      [
        7.745392464573202,
        1.794677379077429
      ]
    ],
    [
      [
        2.161691485787595,
        7.3437938371481675
      ],
      [
        3.0945436469056173,
        7.3437938371481675
      ],
      [
        3.0945436469056173,
        8.155779089196713
      ],
      [
        2.161691485787595,
        8.155779089196713
      ]
    ]
  ]
}