{
  "workspace": [
    0,
    10,
    0,
    10
  ],
  "start": [
    1,
    1
  ],
  "goal": [
    8,
    8
  ],
  "obstacles": [
    [
      [
        7.619533689849655,
        0.7864175645424076
      ],
      [
        8.731888399816464,
        0.7864175645424076
      ],
      [
        8.731888399816464,
        1.5165058239322082
      ],
      [
        7.619533689849655,
        1.5165058239322082
      ]
    ],
    [
      [
        2.5482298273771615,
        8.452900118464541
      ],
      [
        3.3164244451207026,
        8.452900118464541
      ],
      [
        3.3164244451207026,
        9.31203654564236
      ],
      [
        2.5482298273771615,
        9.31203654564236
      ]
    ],
    [
      [
        3.2697326634352994,
        6.360049654759125
      ],
      [
        3.893053980856967,
        6.360049654759125
      ],
      [
        3.893053980856967,
        7.116411061604978
      ],
      [
        3.2697326634352994,
        7.116411061604978
      ]
    ],
    [
      [
        5.501225152108661,
        4.835392854580918
      ],
      [
        6.249831838415731,
        4.835392854580918
      ],
      [
        6.249831838415731,
        5.617544282815483
      ],
      [
        5.501225152108661,
        5.617544282815483
      ]
    ],
    [
      [
        6.5036520672781695,
        3.089009920016311
      ],
      [
        7.2091500706034655,
        3.089009920016311
      ],
      [
        7.2091500706034655,
        3.811243484394077
      ],
      [
        6.5036520672781695,
        3.811243484394077
      ]
    ],
    [
      [
        4.017053206812032,
        7.69933227873701
      ],
      [
        4.680903019804158,
        7.69933227873701
      ],
      [
        4.680903019804158,
        8.439768146274428
      ],
      [
        4.017053206812032,
        8.439768146274428
      ]
    ]
  ]
}