{
  "workspace": [
    0,
    10,
    0,
    10
  ],
  "start": [
    1,
    1
  ],
  "goal": [
    8,
    8
  ],
  "obstacles": [
    [
      [
        0.05510942378409722,
        1.738626414815573
      ],
      [
        1.011385139372398,
        1.738626414815573
      ],
      [
        1.011385139372398,
        3.199156988298343
      ],
      [
        0.05510942378409722,
        3.199156988298343
      ]
    ],
    [
      [
        2.08953970369787,
        6.741330518902901
      ],
      [
        2.692651972923678,
        6.741330518902901
      ],
      [
        2.692651972923678,
        8.138865306431532
      ],
      [
        2.08953970369787,
        8.138865306431532
      ]
    ],
    [
      [
        4.780765566467147,
        8.833038123231958
      ],
      [
        5.77451409552167,
        8.833038123231958
      ],
      [
        5.77451409552167,
        9.734839949382323
      ],
      [
        4.780765566467147,
        9.734839949382323
      ]
    ],
    [
      [
        6.075669725013303,
        7.941303791129135
      ],
      [
        6.815885496136652,
        7.941303791129135
      ],
      [
        6.815885496136652,
        8.991443315127876
      ],
      [
        6.075669725013303,
        8.991443315127876
      ]
    ],
    [
      [
        5.933315249387646,
        3.535422382553532
      ],
      [
        7.232192765103057,
        3.535422382553532
      ],
      [
        7.232192765103057,
        4.300377112225411
      ],
      [
        5.933315249387646,
        4.300377112225411
      ]
    ],
    [
      [
        4.023114579795311,
        4.828615403688374
      ],
      [
        4.688480588704176,
        4.828615403688374
      ],
      [
        4.688480588704176,
        6.024809226553897
      ],
      [
        4.023114579795311,
        6.024809226553897
      ]
    ]
  ]
}