{
  "workspace": [
    0,
    10,
    0,
    10
  ],
  "start": [
    1,
    1
  ],
  "goal": [
    8,
    8
  ],
  "obstacles": [
    [
      [
        8.238677737113184,
        8.647253127320537
      ],
      [
        9.583604059048374,
        8.647253127320537
      ],
      [
        9.583604059048374,
        9.860569076484515
      ],
      [
        8.238677737113184,
        9.860569076484515
      ]
    ],
    [
      [
        4.268167164157083,
        0.8215325869235465
      ],
      [
        5.696590475562649,
        0.8215325869235465
      ],
      [
        5.696590475562649,
        1.8395187940519806
      ],
      [
        4.268167164157083,
        1.8395187940519806
      ]
    ],
    [
      [
        0.28913901548135346,
        3.151952984466501
      ],
      [
        1.2851732678885477,
        3.151952984466501
      ],
      [
        1.2851732678885477,
        3.861235853161504
      ],
      [
        0.28913901548135346,
        3.861235853161504
      ]
    ],
    [
      [
        0.09112283438690039,
        6.2578100230724925
      ],
      [
        1.2797478586756337,
        6.2578100230724925
      ],
      [
        1.2797478586756337,
        7.372558026354227
      ],
      [
        0.09112283438690039,
        7.372558026354227
      ]
    ],
    [
      [
        6.998587038352655,
        1.9978085972397006
      ],
      [
        8.26979415350565,
        1.9978085972397006
      ],
      [
        8.26979415350565,
        3.3572616088949454
      ],
      [
        6.998587038352655,
        3.3572616088949454
      ]
    ],
    [
      [
        6.108768368621383,
        5.967689874925326
      ],
      [
        7.58682861027379,
        5.967689874925326
      ],
      [
        7.58682861027379,
        6.894502231499412
      ],
      [
        6.108768368621383,
        6.894502231499412
      ]
    ]
  ]
}