{
  "workspace": [
    0,
    10,
    0,
    10
  ],
  "start": [
    1,
    1
  ],
  "goal": [
    8,
    8
  ],
  "obstacles": [
    [
      [
        3.2049628485327024,
        2.275875724691462
      ],
      [
        4.416439572706491,
        2.275875724691462
      ],
      [
        4.416439572706491,
        3.5609579177559483
      ],
      [
        3.2049628485327024,
        3.5609579177559483
      ]
    ],
    [
      [
        5.941747925148748,
        7.054587988372093
      ],
      [
        7.358404977863811,
        7.054587988372093
      ],
      [
        7.358404977863811,
        8.554132108823456
      ],
      [
        5.941747925148748,
        8.554132108823456
      ]
    ],
    [
      [
        4.595555228299144,
        0.05144765550012309
      ],
      [
        5.881431458601179,
        0.05144765550012309
      ],
      [
        5.881431458601179,
        1.472898717073201
      ],
      [
        4.595555228299144,
        1.472898717073201
      ]
    ],
    [
      [
        5.652531361331408,
        2.0584961901358074
      ],
      [
        6.775531099077646,
        2.0584961901358074
      ],
      [
        6.775531099077646,
        3.2470319952133
      ],
      [
        5.652531361331408,
        3.2470319952133
      ]
    ],
    [
      [
        0.2740760626113209,
        7.605719974569047
      ],
      [
        1.3876886686223502,
        7.605719974569047
      ],
      [
        1.3876886686223502,
        8.60698350857339
      ],
      [
        0.2740760626113209,
        8.60698350857339
      ]
    ],
    [
      [
        0.16382660340807909,
        3.1723988579276927
      ],
      [
        1.5110643201655465,
        3.1723988579276927
      ],
      [
        1.5110643201655465,
        3.9497677621627227
      ],
      [
        0.16382660340807909,
        3.9497677621627227
      ]
    ]
  ]
}