{
  "workspace": [
    0,
    10,
    0,
    10
  ],
  "start": [
    1,
    1
  ],
  "goal": [
    8,
    8
  ],
  "obstacles": [
    [
      [
        4.217757347819749,
        1.6764734625797342
      ],
      [
        5.71700888139231,
        1.6764734625797342
      ],
      [
        5.71700888139231,
        2.6749637513824727
      ],
      [
        4.217757347819749,
        2.6749637513824727
      ]
    ],
    [
      [
        5.339338906519662,
        4.110343843739189
      ],
      [
        6.109981176144273,
        4.110343843739189
      ],
      [
        6.109981176144273,
        5.245251154169148
      ],
      [
        5.339338906519662,
        5.245251154169148
      ]
    ],
    [
      [
        6.550638477509455,
        0.4964405976982864
      ],
      [
        7.158068981322842,
        0.4964405976982864
      ],
      [
        7.158068981322842,
        1.4628994198551035
      ],
      [
        6.550638477509455,
        1.4628994198551035
      ]
    ],
    [
      [
        9.154175242816473,
        4.278578356235079
      ],
      [
        9.979022574030301,
        4.278578356235079
      ],
      [
        9.979022574030301,
        5.4876692416363815
      ],
      [
        9.154175242816473,
        5.4876692416363815
      ]
    ],
    [
      [
        1.3163402090036325,
        7.6158521333051485
      ],
      [
        2.451095738721039,
        7.6158521333051485
      ],
      [
        2.451095738721039,
        9.036952424254244
      ],
      [
        1.3163402090036325,
        9.036952424254244
      ]
    ],
    [
      [
        4.658105199305344,
        6.060231698858166
      ],
      [
        5.286408803875864,
        6.060231698858166
      ],
      [
        5.286408803875864,
        7.198263761141336
      ],
      [
        4.658105199305344,
        7.198263761141336
      ]
    ]
  ]
}