{
  "workspace": [
    0,
    10,
    0,
    10
  ],
  "start": [
    1,
    1
  ],
  "goal": [
    8,
    8
  ],
  "obstacles": [
    [
      [
        1.6079779813859225,
        2.626870903331024
      ],
      [
        3.0926417060202125,
        2.626870903331024
      ],
      [
        3.0926417060202125,
        3.365448084912263
      ],
      [
        1.6079779813859225,
        3.365448084912263
      ]
    ],
    [
      [
        0.9486948157062178,
        4.024269608380081
      ],
      [
        2.4285185826536537,
        4.024269608380081
      ],
      [
        2.4285185826536537,
        4.8028947275636895
      ],
      [
        0.9486948157062178,
        4.8028947275636895
      ]
    ],
    [
      [
        7.485317522392985,
        2.3754461402360945
      ],
      [
        8.474928549710642,
        2.3754461402360945
      ],
      [
        8.474928549710642,
        3.769513629331137
      ],
      [
        7.485317522392985,
        3.769513629331137
      ]
    ],
    [
      [
        8.686305026393748,
        3.7328196720033318
      ],
      [
        9.317182829619258,
        3.7328196720033318
      ],
      [
        9.317182829619258,
        5.088020072578109
      ],
      [
        8.686305026393748,
        5.088020072578109
      ]
    ],
    [
      [
        5.129286181254163,
        8.872758023395555
      ],
      [
        6.451940228448248,
        8.872758023395555
      ],
      [
        6.451940228448248,
        9.945731442523936
      ],
      [
        5.129286181254163,
        9.945731442523936
      ]
    ],
    [
      [
        7.822493546352649,
        0.4259972510919186
      ],
      [
        8.801322846291646,
        0.4259972510919186
      ],
      [
        8.801322846291646,
        1.2353039322817962
      ],
      [
        7.822493546352649,
        1.2353039322817962
      ]
    ]
  ]
}