{
  "workspace": [
    0,
    10,
    0,
    10
  ],
  "start": [
    1,
    1
  ],
  "goal": [
    8,
    8
  ],
  "obstacles": [
    [
      [
        3.76465292673974,
        6.318152026899881
      ],
      [
        4.571555210594787,
        6.318152026899881
      ],
      [
        4.571555210594787,
        7.605611609221958
      ],
      [
        3.76465292673974,
        7.605611609221958
      ]
    ],
    [
      [
        1.5658538545612686,
        0.8645403434715999
      ],
      [
        2.740020636414065,
        0.8645403434715999
      ],
      [
        2.740020636414065,
        1.9271160708507362
      ],
      [
        1.5658538545612686,
        1.9271160708507362
      ]
    ],
    [
      [
        6.894602845632949,
        0.5967330355845171
      ],
      [
        8.210460850969646,
        0.5967330355845171
      ],
      [
        8.210460850969646,
        1.2656200986280504
      ],
      [
        6.894602845632949,
        1.2656200986280504
      ]
    ],
    [
      [
        0.1574320031302605,
        5.2440239072197405
      ],
      [
        1.4124121243515413,
        5.2440239072197405
      ],
      [
        1.4124121243515413,
        6.328167255273162
      ],
      [
        0.1574320031302605,
        6.328167255273162
      ]
    ],
    [
      [
        7.40764481311681,
        2.9145459488831764
      ],
      [
        8.380917424116413,
        2.9145459488831764
      ],
      [
        8.380917424116413,
        4.279046088620573
      ],
      [
        7.40764481311681,
        4.279046088620573
      ]
    ],
    [
      [
        1.0745788263297447,
        7.620479741822415
      ],
      [
        2.4473850093544893,
        7.620479741822415
      ],
      [
        2.4473850093544893,
        9.03780108742194
      ],
      [
        1.0745788263297447,
        9.03780108742194
      ]
    ]
  ]
}