{
  "workspace": [
    0,
    10,
    0,
    10
  ],
  "start": [
    1,
    1
  ],
  "goal": [
    8,
    8
  ],
  "obstacles": [
    [
      [
        8.409050669186197,
        4.251087345803974
      ],
      [
        9.476082196081855,
        4.251087345803974
      ],
      [
        9.476082196081855,
        5.608675563918448
      ],
      [
        8.409050669186197,
        5.608675563918448
      ]
    ],
    [
      [
        1.3690834500153424,
        3.448366128256971
      ],
      [
        2.2536569554581525,
        3.448366128256971
      ],
      [
        2.2536569554581525,
        4.528432540333697
      ],
      [
        1.3690834500153424,
        4.528432540333697
      ]
    ],
    [
      [
        1.6088512836363302,
        4.987859103899625
      ],
      [
        2.9828825745679843,
        4.987859103899625
      ],
      [
        2.9828825745679843,
        6.274972982663252
      ],
      [
        1.6088512836363302,
        6.274972982663252
      ]
    ],
    [
      [
        3.5558044199039225,
        8.046219475785195
      ],
      [
        4.669654858183491,
        8.046219475785195
      ],
      [
        4.669654858183491,
        9.362997099458747
      ],
      [
        3.5558044199039225,
        9.362997099458747
      ]
    ],
    [
      [
        6.007849160408462,
        3.0309890671385413
      ],
      [
        7.48951580593112,
        3.0309890671385413
      ],
      [
        7.48951580593112,
        3.976535290437296
      ],
      [
        6.007849160408462,
        3.976535290437296
      ]
    ],
    [
      [
        5.077057699625236,
        4.433933157537581
      ],
      [
        6.413734244527758,
        4.433933157537581
      ],
      [
        6.413734244527758,
        5.1463358613062695
      ],
      [
        5.077057699625236,
        5.1463358613062695
      ]
    ]
  ]
}