{
  "workspace": [
    0,
    10,
    0,
    10
  ],
  "start": [
    1,
    1
  ],
  "goal": [
    8,
    8
  ],
  "obstacles": [
    [
      [
        2.707824897547919,
        4.458196638446823
      ],
      [
        3.7331043307344007,
        4.458196638446823
      ],
      [
        3.7331043307344007,
        5.436763810603217
      ],
      [
        2.707824897547919,
        5.436763810603217
      ]
    ],
    [
      [
        8.6673519755616,
        2.1705589968984325
      ],
      [
        9.387355848666422,
        2.1705589968984325
      ],
      [
        9.387355848666422,
        3.5890153726494556
      ],
      [
        8.6673519755616,
        3.5890153726494556
      ]
    ],
    [
      [
        6.271960793904607,
        3.5273264552176706
      ],
      [
        7.3352286334110905,
        3.5273264552176706
      ],
      [
        7.3352286334110905,
        4.146260833698488
      ],
      [
        6.271960793904607,
        4.146260833698488
      ]
    ],
    [
      [
        8.34284726124696,
        5.575495692123272
      ],
      [
        9.40158799062129,
        5.575495692123272
      ],
      [
        9.40158799062129,
        6.883137007631389
      ],
      [
        8.34284726124696,
        6.883137007631389
      ]
    ],
    [
      [
        1.843393424481277,
        6.6675272811651185
      ],
      [
        2.766354455641031,
        6.6675272811651185
      ],
      [
        2.766354455641031,
        7.586647105106397
      ],
      [
        1.843393424481277,
        7.586647105106397
      ]
    ],
    [
      [
        3.6733443321898154,
        0.6834548599728318
      ],
      [
        4.957879277372619,
        0.6834548599728318
      ],
      [
        4.957879277372619,
        1.7101548015400505
      ],
      [
        3.6733443321898154,
        1.7101548015400505
      ]
    ]
  ]
}