{
  "workspace": [
    0,
    10,
    0,
    10
  ],
  "start": [
    1,
    1
  ],
  "goal": [
    8,
    8
  ],
  "obstacles": [
    [
      [
        2.0213401355880736,
        3.5975236885978545
      ],
      [
        2.8374468247671674,
        3.5975236885978545
      ],
      [
        2.8374468247671674,
        4.908096750689274
      ],
      [
        2.0213401355880736,
        4.908096750689274
      ]
    ],
    [
      [
        4.890360719621739,
        4.234919395850368
      ],
      [
        5.586276964939396,
        4.234919395850368
      ],
      [
        5.586276964939396,
        5.349698414196385
      ],
      [
        4.890360719621739,
        5.349698414196385
      ]
    ],
    [
      [
        2.508145122953258,
        7.119821555300813
      ],
      [
        3.4999369239516573,
        7.119821555300813
      ],
      [
        3.4999369239516573,
        8.07960699153469
      ],
      [
        2.508145122953258,
        8.07960699153469
      ]
    ],
    [
      [
        5.438672984418715,
        5.727059872509095
      ],
      [
        6.37040082323889,
        5.727059872509095
      ],
      [
        6.37040082323889,
        6.875795616139367
      ],
      [
        5.438672984418715,
        6.875795616139367
      ]
    ],
    [
      [
        0.840834787656797,
        7.613352618108227
      ],
      [
        1.5729026849425558,
        7.613352618108227
      ],
      [
        1.5729026849425558,
        8.83295262891744
      ],
      [
        0.840834787656797,
        8.83295262891744
      ]
    ],
    [
      [
        0.07654457382787061,
        1.7518162901051957
      ],
      [
        0.9228818665798558,
        1.7518162901051957
      ],
      [
        0.9228818665798558,
        2.6367809777888516
      ],
      [
        0.07654457382787061,
        2.6367809777888516
      ]
    ]
  ]
}