{
  "workspace": [
    0,
    10,
    0,
    10
  ],
  "start": [
    1,
    1
  ],
  "goal": [
    8,
    8
  ],
  "obstacles": [
    [
      [
        7.55277434232482,
        1.3099041468918742
      ],
      [
        8.657754808650001,
        1.3099041468918742
      ],
      [
        8.657754808650001,
        2.0627352994044195
      ],
      [
        7.55277434232482,
        2.0627352994044195
      ]
    ],
    [
      [
        8.772653041359002,
        1.0201092423767284
      ],
      [
        9.48127525713709,
        1.0201092423767284
      ],
      [
        9.48127525713709,
        1.9142774946679777
      ],
      [
        8.772653041359002,
        1.9142774946679777
      ]
    ],
    [
      [
        3.8164893504360715,
        4.13980028255203
      ],
      [
        5.0440662562348875,
        4.13980028255203
      ],
      [
        5.0440662562348875,
        5.361457805478296
      ],
      [
        3.8164893504360715,
        5.361457805478296
      ]
    ],
    [
      [
        0.9468664874514782,
        6.053752829750979
      ],
      [
        1.5753676320238217,
        6.053752829750979
      ],
      [
        1.5753676320238217,
        6.802782302070294
      ],
      [
        0.9468664874514782,
        6.802782302070294
      ]
    ],
    [
      [
        6.083480873702543,
        0.4137717609337408
      ],
      [
        7.171629646159788,
        0.4137717609337408
      ],
      [
        7.171629646159788,
        1.6045670791778142
      ],
      [
        6.083480873702543,
        1.6045670791778142
      ]
    ],
    [
      [
        6.62051309441377,
        4.124334643261626
      ],
      [
        7.811835224272571,
        4.124334643261626
      ],
      [
        7.811835224272571,
        5.609714851253173
      ],
      [
        6.62051309441377,
        5.609714851253173
      ]
    ]
  ]
}