{
  "workspace": [
    0,
    10,
    0,
    10
  ],
  "start": [
    1,
    1
  ],
  "goal": [
    8,
    8
  ],
  "obstacles": [
    [
      [
        5.649141355783554,
        7.79193179219813
      ],
      [
        6.754691086449922,
        7.79193179219813
      ],
      [
        6.754691086449922,
        8.696817464048568
      ],
      [
        5.649141355783554,
        8.696817464048568
      ]
    ],
    [
      [
        1.2195901430548197,
        3.175450590693203
      ],
      [
        2.3134538524742787,
        3.175450590693203
      ],
      [
        2.3134538524742787,
        4.071370368893274
      ],
      [
        1.2195901430548197,
        4.071370368893274
      ]
    ],
    [
      [
        3.600539104727224,
        6.866090047113469
      ],
      [
        4.624236642070288,
        6.866090047113469
      ],
      [
        4.624236642070288,
        7.580512582661851
      ],
      [
        3.600539104727224,
        7.580512582661851
      ]
    ],
    [
      [
        2.4724296279940856,
        6.102013389324584
      ],
      [
        3.187986900884726,
        6.102013389324584
      ],
      [
        3.187986900884726,
        7.219800174244274
      ],
      [
        2.4724296279940856,
        7.219800174244274
      ]
    ],
    [
      [
        1.783263422881317,
        6.628953587593826
      ],
      [
        2.424260813343079,
        6.628953587593826
      ],
      [
        2.424260813343079,
        7.4532443340305745
      ],
      [
        1.783263422881317,
        7.4532443340305745
      ]
    ],
    [
      [
        7.381651289151193,
        2.083207279357787
      ],
      [
        8.693823355698871,
        2.083207279357787
      ],
      [
        8.693823355698871,
        3.5010371598877996
      ],
      [
        7.381651289151193,
        3.5010371598877996
      ]
    ]
  ]
}