{
  "workspace": [
    0,
    10,
    0,
    10
  ],
  "start": [
    1,
    1
  ],
  "goal": [
    8,
    8
  ],
  "obstacles": [
    [
      [
        6.688899792648731,
        3.78227693443363
      ],
      [
        7.715216665512403,
        3.78227693443363
      ],
      [
        7.715216665512403,
        4.98858520056338
      ],
      [
        6.688899792648731,
        4.98858520056338
      ]
    ],
    [
      [
        0.2513236250693802,
        2.9361737466816114
      ],
      [
        1.3202546291501178,
        2.9361737466816114
      ],
      [
        1.3202546291501178,
        4.2458193381995315
      ],
      [
        0.2513236250693802,
        4.2458193381995315
      ]
    ],
    [
      [
        6.065003768591033,
        8.728210438860822
      ],
      [
        7.295192537138002,
        8.728210438860822
      ],
      [
        7.295192537138002,
        9.798277872052628
      ],
      [
        6.065003768591033,
        9.798277872052628
      ]
    ],
    [
      [
        0.17257393447882974,
        8.725214995223686
      ],
      [
        1.322620003217764,
        8.725214995223686
      ],
      [
        1.322620003217764,
        9.904551734093738
      ],
      [
        0.17257393447882974,
        9.904551734093738
      ]
    ],
    [
      [
        1.8300831315174173,
        2.950699238749972
      ],
      [
        2.4991836947736576,
        2.950699238749972
      ],
      [
        2.4991836947736576,
        4.156217887116962
      ],
      [
        1.8300831315174173,
        4.156217887116962
      ]
    ],
    [
      [
        4.548055364464324,
        0.5772377377792259
      ],
      [
        5.348911475304033,
        0.5772377377792259
      ],
      [
        5.348911475304033,
        1.76365918020974
      ],
      [
        4.548055364464324,
        1.76365918020974
      ]
    ]
  ]
}