{
  "workspace": [
    0,
    10,
    0,
    10
  ],
  "start": [
    1,
    1
  ],
  "goal": [
    8,
    8
  ],
  "obstacles": [
    [
      [
        2.926872355161316,
        1.1495162799574579
      ],
      [
        4.224236652611721,
        1.1495162799574579
      ],
      [
        4.224236652611721,
        1.9416738936365756
      ],
      [
        2.926872355161316,
        1.9416738936365756
      ]
    ],
    [
      [
        4.57311929259807,
        4.47428349836872
      ],
      [
        5.561300217415299,
        4.47428349836872
      ],
      [
        5.561300217415299,
        5.578434301532843
      ],
      [
        4.57311929259807,
        5.578434301532843
      ]
    ],
    [
      [
        5.354859429178766,
        1.4513447244644904
      ],
      [
        6.585898342671611,
        1.4513447244644904
      ],
      [
        6.585898342671611,
        2.224702874981705
      ],
      [
        5.354859429178766,
        2.224702874981705
      ]
    ],
    [
      [
        6.009133100700838,
        0.09898350987543714
      ],
      [
        7.255789360287308,
        0.09898350987543714
      ],
      [
        7.255789360287308,
        1.3611003942288376
      ],
      [
        6.009133100700838,
        1.3611003942288376
      ]
    ],
    [
      [
        8.874540993897629,
        4.364732141352391
      ],
      [
        9.915371441334127,
        4.364732141352391
      ],
      [
        9.915371441334127,
        5.661961827862109
      ],
      [
        8.874540993897629,
        5.661961827862109
      ]
    ],
    [
      [
        5.077697538673132,
        6.572314996276917
      ],
      [
        5.8973979802485985,
        6.572314996276917
      ],
      [
        5.8973979802485985,
        7.320019078868432
      ],
      [
        5.077697538673132,
        7.320019078868432
      ]
    ]
  ]
}