{
  "workspace": [
    0,
    10,
    0,
    10
  ],
  "start": [
    1,
    1
  ],
  "goal": [
    8,
    8
  ],
  "obstacles": [
    [
      [
        4.862873558776473,
        2.7783433261491566
      ],
      [
        5.72429672591776,
        2.7783433261491566
      ],
      [
        5.72429672591776,
        3.5063202518545826
      ],
      [
        4.862873558776473,
        3.5063202518545826
      ]
    ],
    [
      [
        1.7739799183329024,
        4.781401031705324
      ],
      [
        2.7553573062392567,
        4.781401031705324
      ],
      [
        2.7553573062392567,
        5.983013197380509
      ],
      [
        1.7739799183329024,
        5.983013197380509
      ]
    ],
    [
      [
        4.970175261598326,
        5.035289753900986
      ],
      [
        5.805778244166909,
        5.035289753900986
      ],
      [
        5.805778244166909,
        6.376734942551923
      ],
      [
        4.970175261598326,
        6.376734942551923
      ]
    ],
    [
      [
        6.898128299459316,
        5.518683842809514
      ],
      [
        7.9609692723223855,
        5.518683842809514
      ],
      [
        7.9609692723223855,
        6.947636195103243
      ],
      [
        6.898128299459316,
        6.947636195103243
      ]
    ],
    [
      [
        6.653710560481571,
        2.2091278509910692
      ],
      [
        8.092169488161595,
        2.2091278509910692
      ],
      [
        8.092169488161595,
        2.9482656925845445
      ],
      [
        6.653710560481571,
        2.9482656925845445
      ]
    ],
    [
      [
        3.6244600924052746,
        2.7305021993801306
      ],
      [
        4.446617545025171,
        2.7305021993801306
      ],
      [
        4.446617545025171,
        3.6572741639072284
      ],
      [
        3.6244600924052746,
        3.6572741639072284
      ]
    ]
  ]
}