{
  "workspace": [
    0,
    10,
    0,
    10
  ],
  "start": [
    1,
    1
  ],
  "goal": [
    8,
    8
  ],
  "obstacles": [
    [
      [
        4.9592208779207905,
        5.574863465745526
      ],
      [
        5.971968962920661,
        5.574863465745526
      ],
      [
        5.971968962920661,
        7.016928905311346
      ],
      [
        4.9592208779207905,
        7.016928905311346
      ]
    ],
    [
      [
        8.194167708848356,
        8.978419217016281
      ],
      [
        9.414164639680711,
        8.978419217016281
      ],
      [
        9.414164639680711,
        9.983420924949971
      ],
      [
        8.194167708848356,
        9.983420924949971
      ]
    ],
    [
      [
        9.125089288326743,
        6.419637896986993
      ],
      [
        9.927342641667602,
        6.419637896986993
      ],
      [
        9.927342641667602,
        7.07345242800926
      ],
      [
        9.125089288326743,
        7.07345242800926
      ]
    ],
    [
      [
        1.8558407907566408,
        5.037092905044842
      ],
      [
        2.788773524341915,
        5.037092905044842
      ],
      [
        2.788773524341915,
        5.867576475661069
      ],
      [
        1.8558407907566408,
        5.867576475661069
      ]
    ],
    [
      [
        2.9470796988519545,
        2.989815017819554
      ],
      [
        3.8887656844144907,
        2.989815017819554
      ],
      [
        3.8887656844144907,
        3.650985081166743
      ],
      [
        2.9470796988519545,
        3.650985081166743
      ]
    ],
    [
      [
        7.919937298785063,
        4.966786135627393
      ],
      [
        9.322748714591599,
        4.966786135627393
      ],
      [
        9.322748714591599,
        6.333577619931685
      ],
      [
        7.919937298785063,
        6.333577619931685
      ]
    ]
  ]
}