{
  "workspace": [
    0,
    10,
    0,
    10
  ],
  "start": [
    1,
    1
  ],
  "goal": [
    8,
    8
  ],
  "obstacles": [
    [
      [
        2.3887664157910526,
        1.4981568973822115
      ],
      [
        3.40143029482648,
        1.4981568973822115
      ],
      [
        3.40143029482648,
        2.67252466682385
      ],
      [
        2.3887664157910526,
        2.67252466682385
      ]
    ],
    [
      [
        1.5692126177427639,
        6.269530711114714
      ],
      [
        2.3087969033609586,
        6.269530711114714
      ],
      [
        2.3087969033609586,
        7.0395845048468635
      ],
      [
        1.5692126177427639,
        7.0395845048468635
      ]
    ],
    [
      [
        3.193661751896201,
        4.499171659707144
      ],
      [
        4.667082819266176,
        4.499171659707144
      ],
      [
        4.667082819266176,
        5.9888218691099455
      ],
      [
        3.193661751896201,
        5.9888218691099455
      ]
    ],
    [
      [
        6.581885553169453,
        1.113526230041689
      ],
      [
        7.337132988294643,
        1.113526230041689
      ],
      [
        7.337132988294643,
        2.6053119861362806
      ],
      [
        6.581885553169453,
        2.6053119861362806
      ]
    ],
    [
      [
        8.459741286455502,
        0.984535305957926
      ],
      [
        9.747574089996549,
        0.984535305957926
      ],
      [
        9.747574089996549,
        2.1191226566310872
      ],
      [
        8.459741286455502,
        2.1191226566310872
      ]
    ],
    [
      [
        7.664070548621789,
        4.792582578747339
      ],
      [
        8.466024568196206,
        4.792582578747339
      ],
      [
        8.466024568196206,
        5.91713214775557
      ],
      [
        7.664070548621789,
        5.91713214775557
      ]
    ]
  ]
}