{
  "workspace": [
    0,
    10,
    0,
    10
  ],
  "start": [
    1,
    1
  ],
  "goal": [
    8,
    8
  ],
  "obstacles": [
    [
      [
        7.154692287271653,
        5.681607704283614
      ],
      [
        8.230926317995348,
        5.681607704283614
      ],
      [
        8.230926317995348,
        6.427555481220388
      ],
      [
        7.154692287271653,
        6.427555481220388
      ]
    ],
    [
      [
        3.005269610965386,
        4.474551143821372
      ],
      [
        4.076349493411695,
        4.474551143821372
      ],
      [
        4.076349493411695,
        5.17401915437254
      ],
      [
        3.005269610965386,
        5.17401915437254
      ]
    ],
    [
      [
        2.4985919050171423,
        6.639092568389913
      ],
      [
        3.3056459821368698,
        6.639092568389913
      ],
      [
        3.3056459821368698,
        8.011587185552512
      ],
      [
        2.4985919050171423,
        8.011587185552512
      ]
    ],
    [
      [
        0.12668961468546902,
        4.485351453522523
      ],
      [
        1.1061194847770146,
        4.485351453522523
      ],
      [
        1.1061194847770146,
        5.529289829181013
      ],
      [
        0.12668961468546902,
        5.529289829181013
      ]
    ],
    [
      [
        4.029537304022505,
        7.637066360159697
      ],
      [
        5.0874122952842855,
        7.637066360159697
      ],
      [
        5.0874122952842855,
        8.44657581134835
      ],
      [
        4.029537304022505,
        8.44657581134835
      ]
    ],
    [
      [
        3.576968312708419,
        1.2340173865821733
      ],
      [
        5.034949055593693,
        1.2340173865821733
      ],
      [
        5.034949055593693,
        2.093823753578441
      ],
      [
        3.576968312708419,
        2.093823753578441
      ]
    ]
  ]
}