{
  "workspace": [
    0,
    10,
    0,
    10
  ],
  "start": [
    1,
    1
  ],
  "goal": [
    8,
    8
  ],
  "obstacles": [
    [
      [
        7.686944181320662,
        1.2618808664373797
      ],
      [
        9.07828342454285,
        1.2618808664373797
      ],
      [
        9.07828342454285,
        2.6361699641439
      ],
      [
        7.686944181320662,
        2.6361699641439
      ]
    ],
    [
      [
        4.410176493203229,
        1.5278339579288915
      ],
      [
        5.535663723817693,
        1.5278339579288915
      ],
      [
        5.535663723817693,
        2.4731158302852596
      ],
      [
        4.410176493203229,
        2.4731158302852596
      ]
    ],
    [
      [
        5.94660045860977,
        3.3156576620133573
      ],
      [
        6.723475928837964,
        3.3156576620133573
      ],
      [
        6.723475928837964,
        3.9810640387626193
      ],
      [
        5.94660045860977,
        3.9810640387626193
      ]
    ],
    [
      [
        0.4544822592540123,
        2.4053709739464817
      ],
      [
        1.1941186536627326,
        2.4053709739464817
      ],
      [
        1.1941186536627326,
        3.7292565333209073
      ],
      [
        0.4544822592540123,
        3.7292565333209073
      ]
    ],
    [
      [
        3.8890587953395075,
        3.7670099923771136
      ],
      [
        5.0192143353304255,
        3.7670099923771136
      ],
      [
        5.0192143353304255,
        4.617143798456349
      ],
      [
        3.8890587953395075,
        4.617143798456349
      ]
    ],
    [
      [
        3.0865911703661135,
        8.40415099335532
      ],
      [
        3.808415691251648,
        8.40415099335532
      ],
      [
        3.808415691251648,
        9.323012534279517
      ],
      [
        3.0865911703661135,
        9.323012534279517
      ]
    ]
  ]
}