{
  "workspace": [
    0,
    10,
    0,
    10
  ],
  "start": [
    1,
    1
  ],
  "goal": [
    8,
    8
  ],
  "obstacles": [
    [
      [
        7.925652239663989,
        0.2664330452479871
      ],
      [
        8.676301935844107,
        0.2664330452479871
      ],
      [
        8.676301935844107,
        0.8849093398555918
      ],
      [
        7.925652239663989,
        0.8849093398555918
      ]
    ],
    [
      [
        8.786971514504268,
        8.13814762499996
      ],
      [
        9.817925758858673,
        8.13814762499996
      ],
      [
        9.817925758858673,
        9.555672032237155
      ],
      [
        8.786971514504268,
        9.555672032237155
      ]
    ],
    [
      [
        4.435096043947604,
        8.454333961675712
      ],
      [
        5.784973258492595,
        8.454333961675712
      ],
      [
        5.784973258492595,
        9.831820745095253
      ],
      [
        4.435096043947604,
        9.831820745095253
      ]
    ],
    [
      [
        3.1847818156759446,
        8.810932493463902
      ],
      [
        4.010411485782079,
        8.810932493463902
      ],
      [
        4.010411485782079,
        9.838113078491197
      ],
      [
        3.1847818156759446,
        9.838113078491197
      ]
    ],
    [
      [
        7.835218138323697,
        6.087131798209643
      ],
      [
        8.834233568336895,
        6.087131798209643
      ],
      [
        8.834233568336895,
        6.920046802870192
      ],
      [
        7.835218138323697,
        6.920046802870192
      ]
    ],
    [
      [
        0.4598810892510172,
        7.874173825397025
      ],
      [
        1.8449740897715563,
        7.874173825397025
      ],
      [
        1.8449740897715563,
        9.251438611868501
      ],
      [
        0.4598810892510172,
        9.251438611868501
      ]
    ]
  ]
}