{
  "workspace": [
    0,
    10,
    0,
    10
  ],
  "start": [
    1,
    1
  ],
  "goal": [
    8,
    8
  ],
  "obstacles": [
    [
      [
        6.254357490654231,
        5.302604726608803
      ],
      [
        6.944400839185777,
        5.302604726608803
      ],
      [
        6.944400839185777,
        6.233700628785477
      ],
      [
        6.254357490654231,
        6.233700628785477
      ]
    ],
    [
      [
        3.7335506099268425,
        2.1240285642046124
      ],
      [
        5.0376359986222425,
        2.1240285642046124
      ],
      [
        5.0376359986222425,
        2.7533709770631885
      ],
      [
        3.7335506099268425,
        2.7533709770631885
      ]
    ],
    [
      [
        7.811777978041716,
        1.087996052018694
      ],
      [
        8.941651179886035,
        1.087996052018694
      ],
      [
        8.941651179886035,
        2.5345412076135565
      ],
      [
        7.811777978041716,
        2.5345412076135565
      ]
    ],
    [
      [
        4.726876142275413,
        3.4210709872976475
      ],
      [
        5.720605718916516,
        3.4210709872976475
      ],
      [
        5.720605718916516,
        4.401919797950203
      ],
      [
        4.726876142275413,
        4.401919797950203
      ]
    ],
    [
      [
        7.9704704225216565,
        4.138030119321449
      ],
      [
        8.966199851815201,
        4.138030119321449
      ],
      [
        8.966199851815201,
        5.120275153040993
      ],
      [
        7.9704704225216565,
        5.120275153040993
      ]
    ],
    [
      [
        8.934574337484204,
        9.088370605489725
      ],
      [
        9.607273806461365,
        9.088370605489725
      ],
      [
        9.607273806461365,
        9.825712328294895
      ],
      [
        8.934574337484204,
        9.825712328294895
      ]
    ]
  ]
}