{
  "workspace": [
    0,
    10,
    0,
    10
  ],
  "start": [
    1,
    1
  ],
  "goal": [
    8,
    8
  ],
  "obstacles": [
    [
      [
        4.845905794425645,
        3.6511681342932567
      ],
      [
        5.606458421339575,
        3.6511681342932567
      ],
      [
        5.606458421339575,
        4.908240414798034
      ],
      [
        4.845905794425645,
        4.908240414798034
      ]
    ],
    [
      [
        2.6007650568426848,
        7.995163271192796
      ],
      [
        3.3662232187177117,
        7.995163271192796
      ],
      [
        3.3662232187177117,
        8.801506189066904
      ],
      [
        2.6007650568426848,
        8.801506189066904
      ]
    ],
    [
      [
        2.3713341744629663,
        5.300716257594753
      ],
      [
        3.1636736159791385,
        5.300716257594753
      ],
      [
        3.1636736159791385,
        6.700883471764629
      ],
      [
        2.3713341744629663,
        6.700883471764629
      ]
    ],
    [
      [
        4.277882719557519,
        0.9424243581720972
      ],
      [
        5.679503191176661,
        0.9424243581720972
      ],
      [
        5.679503191176661,
        2.071444754362588
      ],
      [
        4.277882719557519,
        2.071444754362588
      ]
    ],
    [
      [
        9.023511725149607,
        3.445360335755887
      ],
      [
        9.717156722328333,
        3.445360335755887
      ],
      [
        9.717156722328333,
        4.829692659863109
      ],
      [
        9.023511725149607,
        4.829692659863109
      ]
    ],
    [
      [
        4.2920048801865045,
        6.384402579175569
      ],
      [
        4.961181785388281,
        6.384402579175569
      ],
      [
        4.961181785388281,
        7.721425256897593
      ],
      [
        4.2920048801865045,
        7.721425256897593
      ]
    ]
  ]
}