{
  "workspace": [
    0,
    10,
    0,
    10
  ],
  "start": [
    1,
    1
  ],
  "goal": [
    8,
    8
  ],
  "obstacles": [
    [
      [
        5.62905205731043,
        3.4290101276630764
      ],
      [
        6.684608726030337,
        3.4290101276630764
      ],
      [
        6.684608726030337,
        4.152414575226911
      ],
      [
        5.62905205731043,
        4.152414575226911
      ]
    ],
    [
      [
        6.93133760520933,
        1.9054281831403963
      ],
      [
        8.084311651198762,
        1.9054281831403963
      ],
      [
        8.084311651198762,
        2.7167230800683178
      ],
      [
        6.93133760520933,
        2.7167230800683178
      ]
    ],
    [
      [
        4.639666497742486,
        5.3257499270698885
      ],
      [
        6.067101663671845,
        5.3257499270698885
      ],
      [
        6.067101663671845,
        6.755214477941936
      ],
      [
        4.639666497742486,
        6.755214477941936
      ]
    ],
    [
      [
        5.178009921321035,
        2.4266123107544826
      ],
      [
        6.6112257010707225,
        2.4266123107544826
      ],
      [
        6.6112257010707225,
        3.2541569429509978
      ],
      [
        5.178009921321035,
        3.2541569429509978
      ]
    ],
    [
      [
        0.755907077112138,
        4.977683306617616
      ],
      [
        1.3608275081706602,
        4.977683306617616
      ],
      [
        1.3608275081706602,
        6.261742755241288
      ],
      [
        0.755907077112138,
        6.261742755241288
      ]
    ],
    [
      [
        0.45226392414226585,
        7.112912728376867
      ],
      [
        1.149238063488655,
        7.112912728376867
      ],
      [
        1.149238063488655,
        8.429952894319863
      ],
      [
        0.45226392414226585,
        8.429952894319863
      ]
    ]
  ]
}