{
  "workspace": [
    0,
    10,
    0,
    10
  ],
  "start": [
    1,
    1
  ],
  "goal": [
    8,
    8
  ],
  "obstacles": [
    [
      [
        3.380924356792828,
        3.101056130630066
      ],
      [
        4.2648781501977195,
        3.101056130630066
      ],
      [
        4.2648781501977195,
        4.42156242746451
      ],
      [
        3.380924356792828,
        4.42156242746451
      ]
    ],
    [
      [
        4.93471229643415,
        5.0430539000131525
      ],
      [
        5.850506358726471,
        5.0430539000131525
      ],
      [
        5.850506358726471,
        6.451291015676752
      ],
      [
        4.93471229643415,
        6.451291015676752
      ]
    ],
    [
      [
        0.4071650831885434,
        1.996246132475786
      ],
      [
        1.6439652546493198,
        1.996246132475786
      ],
      [
        1.6439652546493198,
        2.989352720220899
      ],
      [
        0.4071650831885434,
        2.989352720220899
      ]
    ],
    [
      [
        5.549326541786189,
        0.033470141557002064
      ],
      [
        7.000904423390868,
        0.033470141557002064
      ],
      [
        7.000904423390868,
        0.8500027185778021
      ],
      [
        5.549326541786189,
        0.8500027185778021
      ]
    ],
    [
      [
        5.7319688325073255,
        7.6877751625919775
      ],
      [
        6.395818763119946,
        7.6877751625919775
      ],
      [
        6.395818763119946,
        8.820206485073081
      ],
      [
        5.7319688325073255,
        8.820206485073081
      ]
    ],
    [
      [
        8.554096715952832,
        4.497832764329193
      ],
      [
        9.34482453434193,
        4.497832764329193
      ],
      [
        9.34482453434193,
        5.849225528749887
      ],
      [
        8.554096715952832,
        5.849225528749887
      ]
    ]
  ]
}