{
  "workspace": [
    0,
    10,
    0,
    10
  ],
  "start": [
    1,
    1
  ],
  "goal": [
    8,
    8
  ],
  "obstacles": [
    [
      [
        3.4955060252015993,
        7.135551531906892
      ],
      [
        4.259285061848551,
        7.135551531906892
      ],
      [
        4.259285061848551,
        8.369511653849887
      ],
      [
        3.4955060252015993,
        8.369511653849887
      ]
    ],
    [
      [
        6.388747105026955,
        4.776700176341803
      ],
      [
        7.876609053710997,
        4.776700176341803
      ],
      [
        7.876609053710997,
        5.83692848922386
      ],
      [
        6.388747105026955,
        5.83692848922386
      ]
    ],
    [
      [
        8.772602723385528,
        1.6653317885021253
      ],
      [
        9.828376152214993,
        1.6653317885021253
      ],
      [
        9.828376152214993,
        2.514564990283856
      ],
      [
        8.772602723385528,
        2.514564990283856
      ]
    ],
    [
      [
        4.9197302758778045,
        3.2840286076818983
      ],
      [
        5.522731014423724,
        3.2840286076818983
      ],
      [
        5.522731014423724,
        4.039580543085128
      ],
      [
        4.9197302758778045,
        4.039580543085128
      ]
    ],
    [
      [
        6.653374318946839,
        2.687848240386326
      ],
      [
        7.2735303622670395,
        2.687848240386326
      ],
      [
        7.2735303622670395,
        3.4635203239799686
      ],
      [
        6.653374318946839,
        3.4635203239799686
      ]
    ],
    [
      [
        8.427957229318709,
        2.778538404939476
      ],
      [
        9.722296382205608,
        2.778538404939476
      ],
      [
        9.722296382205608,
        4.267429591366993
      ],
      [
        8.427957229318709,
        4.267429591366993
      ]
    ]
  ]
}