{
  "workspace": [
    0,
    10,
    0,
    10
  ],
  "start": [
    1,
    1
  ],
  "goal": [
    8,
    8
  ],
  "obstacles": [
    [
      [
        4.524058185780279,
        8.462992976873167
      ],
      [
        5.463130710369323,
        8.462992976873167
      ],
      [
        5.463130710369323,
        9.468081232825018
      ],
      [
        4.524058185780279,
        9.468081232825018
      ]
    ],
    [
      [
        4.82402729369946,
        3.318204359805241
      ],
      [
        5.942443104066543,
        3.318204359805241
      ],
      [
        5.942443104066543,
        4.122449380309879
      ],
      [
        4.82402729369946,
        4.122449380309879
      ]
    ],
    [
      [
        7.128067517417262,
        1.3027431361041457
      ],
      [
        8.354280608838106,
        1.3027431361041457
      ],
      [
        8.354280608838106,
        2.0753633209027704
      ],
      [
        7.128067517417262,
        2.0753633209027704
      ]
    ],
    [
      [
        6.348609527798136,
        8.211140635232582
      ],
      [
        7.495152383492126,
        8.211140635232582
      ],
      [
        7.495152383492126,
        9.260707291832631
      ],
      [
        6.348609527798136,
        9.260707291832631
      ]
    ],
    [
      [
        3.753713473347107,
        0.5802221595653096
      ],
      [
        4.846209389324762,
        0.5802221595653096
      ],
      [
        4.846209389324762,
        1.6030612170079193
      ],
      [
        3.753713473347107,
        1.6030612170079193
      ]
    ],
    [
      [
        2.1667174189320386,
        8.360550886727145
      ],
      [
        3.0210311488401933,
        8.360550886727145
      ],
      [
        3.0210311488401933,
        8.96765611719072
      ],
      [
        2.1667174189320386,
        8.96765611719072
      ]
    ]
  ]
}