{
  "workspace": [
    0,
    10,
    0,
    10
  ],
  "start": [
    1,
    1
  ],
  "goal": [
    8,
    8
  ],
  "obstacles": [
    [
      [
        7.33024706526028,
        3.5051086476848683
      ],
      [
        8.075285633103764,
        3.5051086476848683
      ],
      [
        8.075285633103764,
        4.7654589195589905
      ],
      [
        7.33024706526028,
        4.7654589195589905
      ]
    ],
    [
      [
        6.014442713252796,
        0.9118916715593862
      ],
      [
        7.201519839894326,
        0.9118916715593862
      ],
      [
        7.201519839894326,
        1.9368908226930643
      ],
      [
        6.014442713252796,
        1.9368908226930643
      ]
    ],
    [
      [
        6.762177085603488,
        5.509210481654478
      ],
      [
        8.15786595867223,
        5.509210481654478
      ],
      [
        8.15786595867223,
        6.658285371196666
      ],
      [
        6.762177085603488,
        6.658285371196666
      ]
    ],
    [
      [
        4.942373417014597,
        7.083658605811399
      ],
      [
        5.74253084510751,
        7.083658605811399
      ],
      [
        5.74253084510751,
        8.27444683168285
      ],
      [
        4.942373417014597,
        8.27444683168285
      ]
    ],
    [
      [
        5.73123203114696,
        8.557025238051022
      ],
      [
        7.177187174338273,
        8.557025238051022
      ],
      [
        7.177187174338273,
        9.663204454129986
      ],
      [
        5.73123203114696,
        9.663204454129986
      ]
    ],
    [
      [
        3.8819914297147444,
        7.305956092873797
      ],
      [
        4.9001936549316705,
        7.305956092873797
      ],
      [
        4.9001936549316705,
        7.90769736613576
      ],
      [
        3.8819914297147444,
        7.90769736613576
      ]
    ]
  ]
}