{
  "workspace": [
    0,
    10,
    0,
    10
  ],
  "start": [
    1,
    1
  ],
  "goal": [
    8,
    8
  ],
  "obstacles": [
    [
      [
        6.622450967535275,
        6.338829617287306
      ],
      [
        7.2323522344511355,
        6.338829617287306
      ],
      [
        7.2323522344511355,
        7.558727902579891
      ],
      [
        6.622450967535275,
        7.558727902579891
      ]
    ],
    [
      [
        2.613170337806058,
        6.942513644360864
      ],
      [
        3.6022888281103267,
        6.942513644360864
      ],
      [
        3.6022888281103267,
        7.867566854241631
      ],
      [
        2.613170337806058,
        7.867566854241631
      ]
    ],
    [
      [
        3.7910480438014824,
        1.3879904543838926
      ],
      [
        5.0521482955598715,
        1.3879904543838926
      ],
      [
        5.0521482955598715,
        2.81352615000654
      ],
      [
        3.7910480438014824,
        2.81352615000654
      ]
    ],
    [
      [
        1.6077403237575458,
        0.24125687757715475
      ],
      [
        2.3061402948509686,
        0.24125687757715475
      ],
      [
        2.3061402948509686,
        1.580238370797728
      ],
      [
        1.6077403237575458,
        1.580238370797728
      ]
    ],
    [
      [
        3.181995842024941,
        8.503296966136467
      ],
      [
        4.187757628962281,
        8.503296966136467
      ],
      [
        4.187757628962281,
        9.730762987080695
      ],
      [
        3.181995842024941,
        9.730762987080695
      ]
    ],
    [
      [
        4.263009093803967,
        6.98380607055357
      ],
      [
        5.264075099991902,
        6.98380607055357
      ],
      [
        5.264075099991902,
        7.994692388768058
      ],
      [
        4.263009093803967,
        7.994692388768058
      ]
    ]
  ]
}