{
  "workspace": [
    0,
    10,
    0,
    10
  ],
  "start": [
    1,
    1
  ],
  "goal": [
    8,
    8
  ],
  "obstacles": [
    [
      [
        7.189892666184119,
        1.7609306714854496
      ],
      [
        8.135242623402641,
        1.7609306714854496
      ],
      [
        8.135242623402641,
        3.0289594284215413
      ],
      [
        7.189892666184119,
        3.0289594284215413
      ]
    ],
    [
      [
        5.156131343572213,
        7.0141524670088575
      ],
      [
        5.903653493138998,
        7.0141524670088575
      ],
      [
        5.903653493138998,
        7.941596961637291
      ],
      [
        5.156131343572213,
        7.941596961637291
      ]
    ],
    [
      [
        4.885776656564963,
        4.694616866195859
      ],
      [
        5.675634497384084,
        4.694616866195859
      ],
      [
        5.675634497384084,
        5.842382944672258
      ],
      [
        4.885776656564963,
        5.842382944672258
      ]
    ],
    [
      [
        3.836305215445187,
        3.3181574650143224
      ],
      [
        4.54165615521082,
        3.3181574650143224
      ],
      [
        4.54165615521082,
        4.355002590548658
      ],
      [
        3.836305215445187,
        4.355002590548658
      ]
    ],
    [
      [
        2.5245631320627346,
        5.395660414412319
      ],
      [
        3.876129186693179,
        5.395660414412319
      ],
      [
        3.876129186693179,
        6.824327054221959
      ],
      [
        2.5245631320627346,
        6.824327054221959
      ]
    ],
    [
      [
        3.933762728800155,
        8.5406977337058
      ],
      [
        4.569641234492811,
        8.5406977337058
      ],
      [
        4.569641234492811,
        9.987925225980645
      ],
      [
        3.933762728800155,
        9.987925225980645
      ]
    ]
  ]
}