{
  "workspace": [
    0,
    10,
    0,
    10
  ],
  "start": [
    1,
    1
  ],
  "goal": [
    8,
    8
  ],
  "obstacles": [
    [
      [
        7.298160596725304,
        5.095282611894823
      ],
      [
        8.24830252625907,
        5.095282611894823
      ],
      [
        8.24830252625907,
        6.095956069220121
      ],
      [
        7.298160596725304,
        6.095956069220121
      ]
    ],
    [
      [
        0.16192047321992198,
        7.002290688813812
      ],
      [
        1.3614965357706337,
        7.002290688813812
      ],
      [
        1.3614965357706337,
        7.904523620550886
      ],
      [
        0.16192047321992198,
        7.904523620550886
      ]
    ],
    [
      [
        1.2888191378789995,
        4.650826595290515
      ],
      [
        1.9304964021691635,
        4.650826595290515
      ],
      [
        1.9304964021691635,
        5.34047105771745
      ],
      [
        1.2888191378789995,
        5.34047105771745
      ]
    ],
    [
      [
        5.726783027230338,
        7.218424067627653
      ],
      [
        6.806029485857957,
        7.218424067627653
      ],
      [
        6.806029485857957,
        8.279008086382268
      ],
      [
        5.726783027230338,
        8.279008086382268
      ]
    ],
    [
      [
        7.639529568351371,
        1.2899106021324898
      ],
      [
        9.0874665498051,
        1.2899106021324898
      ],
      [
        9.0874665498051,
        2.7121291885072987
      ],
      [
        7.639529568351371,
        2.7121291885072987
      ]
    ],
    [
      [
        4.621105319572599,
        2.4980148292037194
      ],
      [
        5.6104904267301565,
        2.4980148292037194
      ],
      [
        5.6104904267301565,
        3.6163719120105293
      ],
      [
        4.621105319572599,
        3.6163719120105293
      ]
    ]
  ]
}