{
  "workspace": [
    0,
    10,
    0,
    10
  ],
  "start": [
    1,
    1
  ],
  "goal": [
    8,
    8
  ],
  "obstacles": [
    [
      [
        8.769727967374278,
        3.2233077496743703
      ],
      [
        9.616132492028422,
        3.2233077496743703
      ],
      [
        9.616132492028422,
        4.00238503345858
      ],
      [
        8.769727967374278,
        4.00238503345858
      ]
    ],
    [
      [
        3.250969841388812,
        8.018712448471273
      ],
      [
        4.097520538383096,
        8.018712448471273
      ],
      [
        4.097520538383096,
        9.381209156663825
      ],
      [
        3.250969841388812,
        9.381209156663825
      ]
    ],
    [
      [
        0.8002057851720705,
        5.894165637835226
      ],
      [
        2.181277329470922,
        5.894165637835226
      ],
      [
        2.181277329470922,
        7.249587888141058
      ],
      [
        0.8002057851720705,
        7.249587888141058
      ]
    ],
    [
      [
        4.031752782010061,
        4.916966820197107
      ],
      [
        4.732213865682196,
        4.916966820197107
      ],
      [
        4.732213865682196,
        6.045665666216044
      ],
      [
        4.031752782010061,
        6.045665666216044
      ]
    ],
    [
      [
        6.000287885906765,
        2.9325759656853707
      ],
      [
        7.300899533515221,
        2.9325759656853707
      ],
      [
        7.300899533515221,
        4.333743880000401
      ],
      [
        6.000287885906765,
        4.333743880000401
      ]
    ],
    [
      [
        1.7663950276163234,
        2.281278247045412
      ],
      [
        3.0179584302424933,
        2.281278247045412
      ],
      [
        3.0179584302424933,
        3.591846049582373
      ],
      [
        1.7663950276163234,
        3.591846049582373
      ]
    ]
  ]
}