{
  "workspace": [
    0,
    10,
    0,
    10
  ],
  "start": [
    1,
    1
  ],
  "goal": [
    8,
    8
  ],
  "obstacles": [
    [
      [
        6.605918714264402,
        6.591213497934225
      ],
      [
        7.79191735663709,
        6.591213497934225
      ],
      [
        7.79191735663709,
        7.208440581527061
      ],
      [
        6.605918714264402,
        7.208440581527061
      ]
    ],
    [
      [
        2.4352098104419726,
        6.108799920341147
      ],
      [
        3.470561239388629,
        6.108799920341147
      ],
      [
        3.470561239388629,
        7.472924996910734
      ],
      [
        2.4352098104419726,
        7.472924996910734
      ]
    ],
    [
      [
        2.3363822062790005,
        3.477589028072786
      ],
      [
        3.08540791040759,
        3.477589028072786
      ],
      [
        3.08540791040759,
        4.718289102914926
      ],
      [
        2.3363822062790005,
        4.718289102914926
      ]
    ],
    [
      [
        3.307361270977461,
        4.74468450902171
      ],
      [
        4.206650863633022,
        4.74468450902171
      ],
      [
        4.206650863633022,
        5.880164160762771
      ],
      [
        3.307361270977461,
        5.880164160762771
      ]
    ],
    [
      [
        6.00833665651366,
        8.941666606884196
      ],
      [
        6.625257851480611,
        8.941666606884196
      ],
      [
        6.625257851480611,
        9.596697950513553
      ],
      [
        6.00833665651366,
        9.596697950513553
      ]
    ],
    [
      [
        7.7439221670132365,
        8.942212802652376
      ],
      [
        9.122013193399779,
        8.942212802652376
      ],
      [
        9.122013193399779,
        9.983795117010727
      ],
      [
        7.7439221670132365,
        9.983795117010727
      ]
    ]
  ]
}