{
  "workspace": [
    0,
    10,
    0,
    10
  ],
  "start": [
    1,
    1
  ],
  "goal": [
    8,
    8
  ],
  "obstacles": [
    [
      [
        1.778062191560354,
        4.945781925952681
      ],
      [
        2.390573292409909,
        4.945781925952681
      ],
      [
        2.390573292409909,
        5.636524082660659
      ],
      [
        1.778062191560354,
        5.636524082660659
      ]
    ],
    [
      [
        7.974880636856554,
        4.365122526643587
      ],
      [
        8.62644926944095,
        4.365122526643587
      ],
      [
        8.62644926944095,
        5.025148516763876
      ],
      [
        7.974880636856554,
        5.025148516763876
      ]
    ],
    [
      [
        0.5353014671103704,
        2.696927697409251
      ],
      [
        1.6560548911865887,
        2.696927697409251
      ],
      [
        1.6560548911865887,
        3.317904767064891
      ],
      [
        0.5353014671103704,
        3.317904767064891
      ]
    ],
    [
      [
        7.481812390780842,
        6.451809731999314
      ],
      [
        8.329574127268366,
        6.451809731999314
      ],
      [
        8.329574127268366,
        7.1877324222546415
      ],
      [
        7.481812390780842,
        7.1877324222546415
      ]
    ],
    [
      [
        3.5557454216199935,
        1.3062704185166987
      ],
      [
        4.548091901871473,
        1.3062704185166987
      ],
      [
        4.548091901871473,
        2.746551691178906
      ],
      [
        3.5557454216199935,
        2.746551691178906
      ]
    ],
    [
      [
        8.951833649122023,
        0.11511221767986801
      ],
      [
        9.5570006127042,
        0.11511221767986801
      ],
      [
        9.5570006127042,
        1.5094443090485294
      ],
      [
        8.951833649122023,
        1.5094443090485294
      ]
    ]
  ]
}