{
  "workspace": [
    0,
    10,
    0,
    10
  ],
  "start": [
    1,
    1
  ],
  "goal": [
    8,
    8
  ],
  "obstacles": [
    [
      [
        3.208659765325132,
        3.7650187281573433
      ],
      [
        3.9535844547666956,
        3.7650187281573433
      ],
      [
        3.9535844547666956,
        5.183122838155658
      ],
      [
        3.208659765325132,
        5.183122838155658
      ]
    ],
    [
      [
        0.5378840207337067,
        8.008632602152057
      ],
      [
        1.1704774332435517,
        8.008632602152057
      ],
      [
        1.1704774332435517,
        8.751440602362104
      ],
      [
        0.5378840207337067,
        8.751440602362104
      ]
    ],
    [
      [
        5.276242454914237,
        2.324907595430152
      ],
      [
        6.449646213292241,
        2.324907595430152
      ],
      [
        6.449646213292241,
        3.1580433313913856
      ],
      [
        5.276242454914237,
        3.1580433313913856
      ]
    ],
    [
      [
        3.321660752286875,
        8.74397305340948
      ],
      [
        4.171405191523589,
        8.74397305340948
      ],
      [
        4.171405191523589,
        9.46267986509951
      ],
      [
        3.321660752286875,
        9.46267986509951
      ]
    ],
    [
      [
        5.301315541344458,
        0.9206597511254181
      ],
      [
        6.618648906599674,
        0.9206597511254181
      ],
      [
        6.618648906599674,
        1.9934873357162872
      ],
      [
        5.301315541344458,
        1.9934873357162872
      ]
    ],
    [
      [
        4.290176727346265,
        4.895426625077661
      ],
      [
        5.2419773717919975,
        4.895426625077661
      ],
      [
        5.2419773717919975,
        6.188735972375492
      ],
      [
        4.290176727346265,
        6.188735972375492
      ]
    ]
  ]
}