{
  "workspace": [
    0,
    10,
    0,
    10
  ],
  "start": [
    1,
    1
  ],
  "goal": [
    8,
    8
  ],
  "obstacles": [
    [
      [
        4.688408770544556,
        8.017665024097756
      ],
      [
        5.4035723887685085,
        8.017665024097756
      ],
      [
        5.4035723887685085,
        8.951025205972204
      ],
      [
        4.688408770544556,
        8.951025205972204
      ]
    ],
    [
      [
        2.143271847759289,
        3.9630351152798715
      ],
      [
        3.387690405611547,
        3.9630351152798715
      ],
      [
        3.387690405611547,
        5.111911267819592
      ],
      [
        2.143271847759289,
        5.111911267819592
      ]
    ],
    [
      [
        1.129967077779636,
        8.90861917562259
      ],
      [
        2.278102471053809,
        8.90861917562259
      ],
      [
        2.278102471053809,
        9.806998756271014
      ],
      [
        1.129967077779636,
        9.806998756271014
      ]
    ],
    [
      [
        8.978742960980334,
        4.689228327289558
      ],
      [
        9.91316193310255,
        4.689228327289558
      ],
      [
        9.91316193310255,
        5.938036882858079
      ],
      [
        8.978742960980334,
        5.938036882858079
      ]
    ],
    [
      [
        8.603605364258918,
        1.8118845969150794
      ],
      [
        9.535484218712924,
        1.8118845969150794
      ],
      [
        9.535484218712924,
        2.940479306995633
      ],
      [
        8.603605364258918,
        2.940479306995633
      ]
    ],
    [
      [
        4.611862439176311,
        6.738738549681707
      ],
      [
        5.812103365712891,
        6.738738549681707
      ],
      [
        5.812103365712891,
        7.613360426050025
      ],
      [
        4.611862439176311,
        7.613360426050025
      ]
    ]
  ]
}