{
  "workspace": [
    0,
    10,
    0,
    10
  ],
  "start": [
    1,
    1
  ],
  "goal": [
    8,
    8
  ],
  "obstacles": [
    [
      [
        4.177357245323169,
        2.231806417556041
      ],
      [
        4.9552115226397255,
        2.231806417556041
      ],
      [
        4.9552115226397255,
        3.567526813572976
      ],
      [
        4.177357245323169,
        3.567526813572976
      ]
    ],
    [
      [
        5.759245112133122,
        5.263483565850055
      ],
      [
        6.75726194550481,
        5.263483565850055
      ],
      [
        6.75726194550481,
        6.438732100581956
      ],
      [
        5.759245112133122,
        6.438732100581956
      ]
    ],
    [
      [
        4.298117761075419,
        3.640051982300662
      ],
      [
        5.061161799869943,
        3.640051982300662
      ],
      [
        5.061161799869943,
        4.466050557131187
      ],
      [
        4.298117761075419,
        4.466050557131187
      ]
    ],
    [
      [
        2.379602843642997,
        3.2064953208888465
      ],
      [
        3.5690356744836644,
        3.2064953208888465
      ],
      [
        3.5690356744836644,
        3.998959767979459
      ],
      [
        2.379602843642997,
        3.998959767979459
      ]
    ],
    [
      [
        7.085667440969059,
        0.9552855276289546
      ],
      [
        8.021860816348742,
        0.9552855276289546
      ],
      [
        8.021860816348742,
        2.0988373592562493
      ],
      [
        7.085667440969059,
        2.0988373592562493
      ]
    ],
    [
      [
        5.788085098359998,
        7.630018999800328
      ],
      [
        7.19018906025199,
        7.630018999800328
      ],
      [
        7.19018906025199,
        8.971599496572313
      ],
      [
        5.788085098359998,
        8.971599496572313
      ]
    ]
  ]
}