{
  "workspace": [
    0,
    10,
    0,
    10
  ],
  "start": [
    1,
    1
  ],
  "goal": [
    8,
    8
  ],
  "obstacles": [
    [
      [
        7.262626926168688,
        6.1540339795341445
      ],
      [
        8.239438242979736,
        6.1540339795341445
      ],
      [
        8.239438242979736,
        6.947988937414827
      ],
      [
        7.262626926168688,
        6.947988937414827
      ]
    ],
    [
      [
        5.787636569243295,
        2.357841776971629
      ],
      [
        7.110447660769665,
        2.357841776971629
      ],
      [
        7.110447660769665,
        3.649523222920269
      ],
      [
        5.787636569243295,
        3.649523222920269
      ]
    ],
    [
      [
        6.717970729822174,
        4.814332129328678
      ],
      [
        7.7825822237021836,
        4.814332129328678
      ],
      [
        7.7825822237021836,
        5.498409383322278
      ],
      [
        6.717970729822174,
        5.498409383322278
      ]
    ],
    [
      [
        0.019750014336847976,
        2.7292832733315917
      ],
      [
        1.4461626204761662,
        2.7292832733315917
      ],
      [
        1.4461626204761662,
        3.3795377921531795
      ],
      [
        0.019750014336847976,
        3.3795377921531795
      ]
    ],
    [
      [
        8.532245677050149,
        6.771440794712931
      ],
      [
        9.770928009928781,
        6.771440794712931
      ],
      [
        9.770928009928781,
        8.1333579598906
      ],
      [
        8.532245677050149,
        8.1333579598906
      ]
    ],
    [
      [
        0.2905654473390231,
        1.9397610146277355
      ],
      [
        1.558579374028639,
        1.9397610146277355
      ],
      [
        1.558579374028639,
        2.653719148414574
      ],
      [
        0.2905654473390231,
        2.653719148414574
      ]
    ]
  ]
}