{
  "workspace": [
    0,
    10,
    0,
    10
  ],
  "start": [
    1,
    1
  ],
  "goal": [
    8,
    8
  ],
  "obstacles": [
    [
      [
        6.3394567368504875,
        5.585552916124315
      ],
      [
        7.831649622604881,
        5.585552916124315
      ],
      [
        7.831649622604881,
        6.65670134721612
      ],
      [
        6.3394567368504875,
        6.65670134721612
      ]
    ],
    [
      [
        4.191141151670715,
        5.5946181538348805
      ],
      [
        5.222803574221237,
        5.5946181538348805
      ],
      [
        5.222803574221237,
        6.802737483255346
      ],
      [
        4.191141151670715,
        6.802737483255346
      ]
    ],
    [
      [
        1.5337911742429189,
        8.478733326248902
      ],
      [
        2.653969339150592,
        8.478733326248902
      ],
      [
        2.653969339150592,
        9.715906289236313
      ],
      [
        1.5337911742429189,
        9.715906289236313
      ]
    ],
    [
      [
        9.251351334131142,
        7.850064888706926
      ],
      [
        9.864619239922485,
        7.850064888706926
      ],
      [
        9.864619239922485,
        9.19703045519511
      ],
      [
        9.251351334131142,
        9.19703045519511
      ]
    ],
    [
      [
        4.463368383646135,
        7.194793161990743
      ],
      [
        5.536997500875986,
        7.194793161990743
      ],
      [
        5.536997500875986,
        8.275206571051655
      ],
      [
        4.463368383646135,
        8.275206571051655
      ]
    ],
    [
      [
        5.217373472840583,
        0.6674007372454505
      ],
      [
        6.2968715663916,
        0.6674007372454505
      ],
      [
        6.2968715663916,
        1.8178250793755166
      ],
      [
        5.217373472840583,
        1.8178250793755166
      ]
    ]
  ]
}