{
  "workspace": [
    0,
    10,
    0,
    10
  ],
  "start": [
    1,
    1
  ],
  "goal": [
    8,
    8
  ],
  "obstacles": [
    [
      [
        4.893322354591697,
        9.055467198943868
      ],
      [
        5.715285377166592,
        9.055467198943868
      ],
      [
        5.715285377166592,
        9.659494310481337
      ],
      [
        4.893322354591697,
        9.659494310481337
      ]
    ],
    [
      [
        3.7390270024275627,
        3.6868862971392637
      ],
      [
        4.343215063531632,
        3.6868862971392637
      ],
      [
        4.343215063531632,
        4.876107196046963
      ],
      [
        3.7390270024275627,
        4.876107196046963
      ]
    ],
    [
      [
        0.903864335927347,
        1.9476858383067048
      ],
      [
        1.9298688242800626,
        1.9476858383067048
      ],
      [
        1.9298688242800626,
        3.0967791948660315
      ],
      [
        0.903864335927347,
        3.0967791948660315
      ]
    ],
    [
      [
        2.3481976730078484,
        8.378196369526716
      ],
      [
        3.0790908085845343,
        8.378196369526716
      ],
      [
        3.0790908085845343,
        9.428757161813099
      ],
      [
        2.3481976730078484,
        9.428757161813099
      ]
    ],
    [
      [
        2.7392631818533726,
        3.7812917593406943
      ],
      [
        3.612660373512302,
        3.7812917593406943
      ],
      [
        3.612660373512302,
        4.787898525826591
      ],
      [
        2.7392631818533726,
        4.787898525826591
      ]
    ],
    [
      [
        3.447704791497912,
        7.041930448010635
      ],
      [
        4.922601271618943,
        7.041930448010635
      ],
      [
        4.922601271618943,
        8.338425621760951
      ],
      [
        3.447704791497912,
        8.338425621760951
      ]
    ]
  ]
}