{
  "workspace": [
    0,
    10,
    0,
    10
  ],
  "start": [
    1,
    1
  ],
  "goal": [
    8,
    8
  ],
  "obstacles": [
    [
      [
        1.8833358664213418,
        5.7098245471134845
      ],
      [
        3.2979463833497826,
        5.7098245471134845
      ],
      [
        3.2979463833497826,
        7.166257248727415
      ],
      [
        1.8833358664213418,
        7.166257248727415
      ]
    ],
    [
      [
        0.8968947001035992,
        3.1249301606722684
      ],
      [
        2.0201077213268475,
        3.1249301606722684
      ],
      [
        2.0201077213268475,
        3.79468378164261
      ],
      [
        0.8968947001035992,
        3.79468378164261
      ]
    ],
    [
      [
        9.007595957509809,
        1.4844942092365765
      ],
      [
        9.633409288188362,
        1.4844942092365765
      ],
      [
        9.633409288188362,
        2.6790493477477213
      ],
      [
        9.007595957509809,
        2.6790493477477213
      ]
    ],
    [
      [
        4.910416704379157,
        6.239806712086235
      ],
      [
        5.5186115983714625,
        6.239806712086235
      ],
      [
        5.5186115983714625,
        7.523044467791294
      ],
      [
        4.910416704379157,
        7.523044467791294
      ]
    ],
    [
      [
        6.861934699172481,
        6.9586617771921135
      ],
      [
        7.5026417799457645,
        6.9586617771921135
      ],
      [
        7.5026417799457645,
        7.985490755154836
      ],
      [
        6.861934699172481,
        7.985490755154836
      ]
    ],
    [
      [
        0.018355053087894535,
        6.378624400659634
      ],
      [
        1.2985824816796572,
        6.378624400659634
      ],
      [
        1.2985824816796572,
        7.797445920578388
      ],
      [
        0.018355053087894535,
        7.797445920578388
      ]
    ]
  ]
}