{
  "workspace": [
    0,
    10,
    0,
    10
  ],
  "start": [
    1,
    1
  ],
  "goal": [
    8,
    8
  ],
  "obstacles": [
    [
      [
        8.404927321617546,
        6.332428831665384
      ],
      [
        9.87741510055304,
        6.332428831665384
      ],
      [
        9.87741510055304,
        7.798987610085334
      ],
      [
        8.404927321617546,
        7.798987610085334
      ]
    ],
    [
      [
        2.4658314398414705,
        4.658547980862329
      ],
      [
        3.2331530055632633,
        4.658547980862329
      ],
      [
        3.2331530055632633,
        5.886933089137802
      ],
      [
        2.4658314398414705,
        5.886933089137802
      ]
    ],
    [
      [
        4.609773476783483,
        4.050577434104853
      ],
      [
        5.513222723967294,
        4.050577434104853
      ],
      [
        5.513222723967294,
        4.905305895443491
      ],
      [
        4.609773476783483,
        4.905305895443491
      ]
    ],
    [
      [
        5.930882398891942,
        8.054339780042369
      ],
      [
        6.535288826826772,
        8.054339780042369
      ],
      [
        6.535288826826772,
        8.737051830119096
      ],
      [
        5.930882398891942,
        8.737051830119096
      ]
    ],
    [
      [
        4.889435063442734,
        5.099712835472783
      ],
      [
        6.172440134414929,
        5.099712835472783
      ],
      [
        6.172440134414929,
        5.737350970374246
      ],
      [
        4.889435063442734,
        5.737350970374246
      ]
    ],
    [
      [
        2.777258751676208,
        2.2620502838899634
      ],
      [
        3.7969141587042836,
        2.2620502838899634
      ],
      [
        3.7969141587042836,
        2.9062890204876597
      ],
      [
        2.777258751676208,
        2.9062890204876597
      ]
    ]
  ]
}