{
  "workspace": [
    0,
    10,
    0,
    10
  ],
  "start": [
    1,
    1
  ],
  "goal": [
    8,
    8
  ],
  "obstacles": [
    [
      [
        5.851442781405768,
        4.067389902353698
      ],
      [
        7.129696935906563,
        4.067389902353698
      ],
      [
        7.129696935906563,
        4.809536615106602
      ],
      [
        5.851442781405768,
        4.809536615106602
      ]
    ],
    [
      [
        4.030308003188572,
        3.5175501645573175
      ],
      [
        4.807569219138796,
        3.5175501645573175
      ],
      [
        4.807569219138796,
        4.187493930888408
      ],
      [
        4.030308003188572,
        4.187493930888408
      ]
    ],
    [
      [
        6.9779270697532425,
        5.30247877150589
      ],
      [
        7.624117116151954,
        5.30247877150589
      ],
      [
        7.624117116151954,
        6.652303774910542
      ],
      [
        6.9779270697532425,
        6.652303774910542
      ]
    ],
    [
      [
        1.025512154135889,
        6.441337713274508
      ],
      [
        2.4992785119338388,
        6.441337713274508
      ],
      [
        2.4992785119338388,
        7.181388053905407
      ],
      [
        1.025512154135889,
        7.181388053905407
      ]
    ],
    [
      [
        2.6716209412001986,
        2.6798275711397395
      ],
      [
        3.895020337045783,
        2.6798275711397395
      ],
      [
        3.895020337045783,
        3.9832025777707614
      ],
      [
        2.6716209412001986,
        3.9832025777707614
      ]
    ],
    [
      [
        1.0028558106273304,
        9.070001098325053
      ],
      [
        2.49878704341621,
        9.070001098325053
      ],
      [
        2.49878704341621,
        9.903433872689378
      ],
      [
        1.0028558106273304,
        9.903433872689378
      ]
    ]
  ]
}