{
  "workspace": [
    0,
    10,
    0,
    10
  ],
  "start": [
    1,
    1
  ],
  "goal": [
    8,
    8
  ],
  "obstacles": [
    [
      [
        2.925322571040761,
        2.990514434421198
      ],
      [
        3.9583257170258443,
        2.990514434421198
      ],
      [
        3.9583257170258443,
        4.125481374189106
      ],
      [
        2.925322571040761,
        4.125481374189106
      ]
    ],
    [
      [
        1.4219094255734022,
        5.853015796812534
      ],
      [
        2.161670779151003,
        5.853015796812534
      ],
      [
        2.161670779151003,
        7.0681105810366125
      ],
      [
        1.4219094255734022,
        7.0681105810366125
      ]
    ],
    [
      [
        4.938711864616158,
        2.6709435056548747
      ],
      [
        6.413509298545012,
        2.6709435056548747
      ],
      [
        6.413509298545012,
        3.324404860971563
      ],
      [
        4.938711864616158,
        3.324404860971563
      ]
    ],
    [
      [
        0.6961341834391052,
        2.183417613843875
      ],
      [
        1.7140017951864013,
        2.183417613843875
      ],
      [
        1.7140017951864013,
        3.248921286061832
      ],
      [
        0.6961341834391052,
        3.248921286061832
      ]
    ],
    [
      [
        6.9757750357992325,
        0.8241994792392289
      ],
      [
        7.729537079594085,
        0.8241994792392289
      ],
      [
        7.729537079594085,
        2.012437507857456
      ],
      [
        6.9757750357992325,
        2.012437507857456
      ]
    ],
    [
      [
        5.7130798800651865,
        3.812055239856026
      ],
      [
        7.132945340604572,
        3.812055239856026
      ],
      [
        7.132945340604572,
        4.595438538941689
      ],
      [
        5.7130798800651865,
        4.595438538941689
      ]
    ]
  ]
}