{
  "workspace": [
    0,
    10,
    0,
    10
  ],
  "start": [
    1,
    1
  ],
  "goal": [
    8,
    8
  ],
  "obstacles": [
    [
      [
        8.557902805256747,
        7.4012547844732435
      ],
      [
        9.947643373771895,
        7.4012547844732435
      ],
      [
        9.947643373771895,
        8.179193570087502
      ],
      [
        8.557902805256747,
        8.179193570087502
      ]
    ],
    [
      [
        7.5169978464862295,
        5.847256194309929
      ],
      [
        8.640997713175608,
        5.847256194309929
      ],
      [
        8.640997713175608,
        7.271040606111495
      ],
      [
        7.5169978464862295,
        7.271040606111495
      ]
    ],
    [
      [
        0.14690586756355062,
        7.630836780870295
      ],
      [
        0.8784227448402855,
        7.630836780870295
      ],
      [
        0.8784227448402855,
        8.567877558732937
      ],
      [
        0.14690586756355062,
        8.567877558732937
      ]
    ],
    [
      [
        3.298725838634252,
        1.3479659978317438
      ],
      [
        4.351596606677216,
        1.3479659978317438
      ],
      [
        4.351596606677216,
        2.581446389578117
      ],
      [
        3.298725838634252,
        2.581446389578117
      ]
    ],
    [
      [
        8.889053509399417,
        4.1955914105928755
      ],
      [
        9.603624276093402,
        4.1955914105928755
      ],
      [
        9.603624276093402,
        4.799125550377248
      ],
      [
        8.889053509399417,
        4.799125550377248
      ]
    ],
    [
      [
        1.5428210979200536,
        5.372773499208776
      ],
      [
        2.6637895242130716,
        5.372773499208776
      ],
      [
        2.6637895242130716,
        6.193910525684521
      ],
      [
        1.5428210979200536,
        6.193910525684521
      ]
    ]
  ]
}