{
  "workspace": [
    0,
    10,
    0,
    10
  ],
  "start": [
    1,
    1
  ],
  "goal": [
    8,
    8
  ],
  "obstacles": [
    [
      [
        8.3958903545107,
        2.1692743128753382
      ],
      [
        9.252042117005464,
        2.1692743128753382
      ],
      [
        9.252042117005464,
        3.4478207893090995
      ],
      [
        8.3958903545107,
        3.4478207893090995
      ]
    ],
    [
      [
        5.285995425346696,
        7.982809179151989
      ],
      [
        6.512765568809995,
        7.982809179151989
      ],
      [
        6.512765568809995,
        9.29915196950786
      ],
      [
        5.285995425346696,
        9.29915196950786
      ]
    ],
    [
      [
        5.138229281910417,
        1.972669551548516
      ],
      [
        6.21666350695216,
        1.972669551548516
      ],
      [
        6.21666350695216,
        2.917545469043084
      ],
      [
        5.138229281910417,
        2.917545469043084
      ]
    ],
    [
      [
        3.1964134468231995,
        8.091861691176014
      ],
      [
        4.60097969593108,
        8.091861691176014
      ],
      [
        4.60097969593108,
        8.831065679942657
      ],
      [
        3.1964134468231995,
        8.831065679942657
      ]
    ],
    [
      [
        6.539588167811446,
        0.1302722443285711
      ],
      [
        7.246580720984999,
        0.1302722443285711
      ],
      [
        7.246580720984999,
        1.560224817600405
      ],
      [
        6.539588167811446,
        1.560224817600405
      ]
    ],
    [
      [
        1.9823988906923808,
        0.11340191739898653
      ],
      [
        3.0892860223668785,
        0.11340191739898653
      ],
      [
        3.0892860223668785,
        1.1208062489969266
      ],
      [
        1.9823988906923808,
        1.1208062489969266
      ]
    ]
  ]
}