{
  "workspace": [
    0,
    10,
    0,
    10
  ],
  "start": [
    1,
    1
  ],
  "goal": [
    8,
    8
  ],
  "obstacles": [
    [
      [
        7.474175387048018,
        2.8198961325808125
      ],
      [
        8.226823801302372,
        2.8198961325808125
      ],
      [
        8.226823801302372,
        3.7332412029714503
      ],
      [
        7.474175387048018,
        3.7332412029714503
      ]
    ],
    [
      [
        5.37147561366224,
        4.731049257737551
      ],
      [
        6.522011026309051,
        4.731049257737551
      ],
      [
        6.522011026309051,
        5.4058595683471875
      ],
      [
        5.37147561366224,
        5.4058595683471875
      ]
    ],
    [
      [
        5.775503245915332,
        3.216591950779642
      ],
      [
        6.4156678302978944,
        3.216591950779642
      ],
      [
        6.4156678302978944,
        4.579092841885811
      ],
      [
        5.775503245915332,
        4.579092841885811
      ]
    ],
    [
      [
        7.722952948039492,
        5.39939943361506
      ],
      [
        8.379981979248697,
        5.39939943361506
      ],
      [
        8.379981979248697,
        6.103894028760899
      ],
      [
        7.722952948039492,
        6.103894028760899
      ]
    ],
    [
      [
        4.8208979215615955,
        2.232447302487499
      ],
      [
        6.0068071629933275,
        2.232447302487499
      ],
      [
        6.0068071629933275,
        2.9070581464102685
      ],
      [
        4.8208979215615955,
        2.9070581464102685
      ]
    ],
    [
      [
        3.3465102815984604,
        1.6957922007597634
      ],
      [
        4.2496342775759555,
        1.6957922007597634
      ],
      [
        4.2496342775759555,
        3.1946583986443606
      ],
      [
        3.3465102815984604,
        3.1946583986443606
      ]
    ]
  ]
}