{
  "workspace": [
    0,
    10,
    0,
    10
  ],
  "start": [
    1,
    1
  ],
  "goal": [
    8,
    8
  ],
  "obstacles": [
    [
      [
        3.9322180182219686,
        0.5140615056965638
      ],
      [
        4.692287651546954,
        0.5140615056965638
      ],
      [
        4.692287651546954,
        1.3570905922663121
      ],
      [
        3.9322180182219686,
        1.3570905922663121
      ]
    ],
    [
      [
        1.1985368902247358,
        5.138409071705923
      ],
      [
        2.6881599938348195,
        5.138409071705923
      ],
      [
        2.6881599938348195,
        6.275881852759839
      ],
      [
        1.1985368902247358,
        6.275881852759839
      ]
    ],
    [
      [
        6.792060108328844,
        0.3879259019457691
      ],
      [
        7.4876492869996465,
        0.3879259019457691
      ],
      [
        7.4876492869996465,
        1.317556063762994
      ],
      [
        6.792060108328844,
        1.317556063762994
      ]
    ],
    [
      [
        5.353349883637433,
        0.8596034795505658
      ],
      [
        6.469044232518263,
        0.8596034795505658
      ],
      [
        6.469044232518263,
        2.174126547224695
      ],
      [
        5.353349883637433,
        2.174126547224695
      ]
    ],
    [
      [
        3.263880425351304,
        8.640024306235437
      ],
      [
        4.104813402433394,
        8.640024306235437
      ],
      [
        4.104813402433394,
        9.688152593168779
      ],
      [
        3.263880425351304,
        9.688152593168779
      ]
    ],
    [
      [
        6.274045253783735,
        2.8705402939921267
      ],
      [
        7.687389228948485,
        2.8705402939921267
      ],
      [
        7.687389228948485,
        3.6956688627617638
      ],
      [
        6.274045253783735,
        3.6956688627617638
      ]
    ]
  ]
}