{
  "workspace": [
    0,
    10,
    0,
    10
  ],
  "start": [
    1,
    1
  ],
  "goal": [
    8,
    8
  ],
  "obstacles": [
    [
      [
        2.431690391733429,
        2.622778809096512
      ],
      [
        3.7181126193084855,
        2.622778809096512
      ],
      [
        3.7181126193084855,
        3.783246358791236
      ],
      [
        2.431690391733429,
        3.783246358791236
      ]
    ],
    [
      [
        6.137591646253359,
        9.250265955487205
      ],
      [
        6.774558606707581,
        9.250265955487205
      ],
      [
        6.774558606707581,
        9.922452308776823
      ],
      [
        6.137591646253359,
        9.922452308776823
      ]
    ],
    [
      [
        5.140452839867721,
        3.476577813801139
      ],
      [
        6.139237438911306,
        3.476577813801139
      ],
      [
        6.139237438911306,
        4.4816847663204324
      ],
      [
        5.140452839867721,
        4.4816847663204324
      ]
    ],
    [
      [
        5.537694708558155,
        1.7431868137750803
      ],
      [
        6.164425465343654,
        1.7431868137750803
      ],
      [
        6.164425465343654,
        2.5986555300106704
      ],
      [
        5.537694708558155,
        2.5986555300106704
      ]
    ],
    [
      [
        7.962741089620603,
        6.14345210508179
      ],
      [
        8.790692204003877,
        6.14345210508179
      ],
      [
        8.790692204003877,
        7.089935075077806
      ],
      [
        7.962741089620603,
        7.089935075077806
      ]
    ],
    [
      [
        2.3025166269358923,
        4.171834377252469
      ],
      [
        2.944931668529785,
        4.171834377252469
      ],
      [
        2.944931668529785,
        5.100157330024207
      ],
      [
        2.3025166269358923,
        5.100157330024207
      ]
    ]
  ]
}