{
  "workspace": [
    0,
    10,
    0,
    10
  ],
  "start": [
    1,
    1
  ],
  "goal": [
    8,
    8
  ],
  "obstacles": [
    [
      [
        6.358110652986911,
        1.6211772760108645
      ],
      [
        7.486164736648009,
        1.6211772760108645
      ],
      [
        7.486164736648009,
        3.0207971426762965
      ],
      [
        6.358110652986911,
        3.0207971426762965
      ]
    ],
    [
      [
        0.7367696698739232,
        2.1953667975514426
      ],
      [
        1.802799733957019,
        2.1953667975514426
      ],
      [
        1.802799733957019,
        3.187618514080958
      ],
      [
        0.7367696698739232,
        3.187618514080958
      ]
    ],
    [
      [
        7.4037890502639545,
        4.75238477871385
      ],
      [
        8.835194909221597,
        4.75238477871385
      ],
      [
        8.835194909221597,
        5.569906646144023
      ],
      [
        7.4037890502639545,
        5.569906646144023
      ]
    ],
    [
      [
        4.547619151945458,
        2.6557579197058723
      ],
      [
        5.779422146626841,
        2.6557579197058723
      ],
      [
        5.779422146626841,
        3.9500175329784972
      ],
      [
        4.547619151945458,
        3.9500175329784972
      ]
    ],
    [
      [
        8.042535335999629,
        1.9657910629570923
      ],
      [
        8.867645519431798,
        1.9657910629570923
      ],
      [
        8.867645519431798,
        3.2936722907930536
      ],
      [
        8.042535335999629,
        3.2936722907930536
      ]
    ],
    [
      [
        7.30792155981316,
        6.120442217152169
      ],
      [
        8.766421361510403,
        6.120442217152169
      ],
      [
        8.766421361510403,
        7.557034820130271
      ],
      [
        7.30792155981316,
        7.557034820130271
      ]
    ]
  ]
}