{
  "workspace": [
    0,
    10,
    0,
    10
  ],
  "start": [
    1,
    1
  ],
  "goal": [
    8,
    8
  ],
  "obstacles": [
    [
      [
        5.798570073977075,
        7.273987221525081
      ],
      [
        7.0448964838599295,
        7.273987221525081
      ],
      [
        7.0448964838599295,
        8.63857844798717
      ],
      [
        5.798570073977075,
        8.63857844798717
      ]
    ],
    [
      [
        8.154899773651517,
        3.3898600905936136
      ],
      [
        9.637859031269931,
        3.3898600905936136
      ],
      [
        9.637859031269931,
        4.356032312939309
      ],
      [
        8.154899773651517,
        4.356032312939309
      ]
    ],
    [
      [
        2.2823140045685415,
        2.6717111855526308
      ],
      [
        3.314435950490771,
        2.6717111855526308
      ],
      [
        3.314435950490771,
        3.73599657738851
      ],
      [
        2.2823140045685415,
        3.73599657738851
      ]
    ],
    [
      [
        5.949944067103114,
        0.5132774406189422
      ],
      [
        7.114825700455678,
        0.5132774406189422
      ],
      [
        7.114825700455678,
        1.8127606159499643
      ],
      [
        5.949944067103114,
        1.8127606159499643
      ]
    ],
    [
      [
        4.314447255755935,
        4.5890485930506
      ],
      [
        5.666007207051164,
        4.5890485930506
      ],
      [
        5.666007207051164,
        5.942097700436482
      ],
      [
        4.314447255755935,
        5.942097700436482
      ]
    ],
    [
      [
        0.5510249722757654,
        6.978121274734676
      ],
      [
        1.3137848423885503,
        6.978121274734676
      ],
      [
        1.3137848423885503,
        8.113332137250676
      ],
      [
        0.5510249722757654,
        8.113332137250676
      ]
    ]
  ]
}