{
  "workspace": [
    0,
    10,
    0,
    10
  ],
  "start": [
    1,
    1
  ],
  "goal": [
    8,
    8
  ],
  "obstacles": [
    [
      [
        4.320099535515328,
        4.639547874180048
      ],
      [
        5.576586830386531,
        4.639547874180048
      ],
      [
        5.576586830386531,
        6.122116692932343
      ],
      [
        4.320099535515328,
        6.122116692932343
      ]
    ],
    [
      [
        1.6229388403607694,
        6.022489707747696
      ],
      [
        2.38371969345403,
        6.022489707747696
      ],
      [
        2.38371969345403,
        7.448724387203449
      ],
      [
        1.6229388403607694,
        7.448724387203449
      ]
    ],
    [
      [
        1.4780302296116634,
        1.7108680627311355
      ],
      [
        2.2612137039998403,
        1.7108680627311355
      ],
      [
        2.2612137039998403,
        3.0256009919312197
      ],
      [
        1.4780302296116634,
        3.0256009919312197
      ]
    ],
    [
      [
        0.6734973633429646,
        8.119931902266666
      ],
      [
        1.512174537555645,
        8.119931902266666
      ],
      [
        1.512174537555645,
        9.106883139191924
      ],
      [
        0.6734973633429646,
        9.106883139191924
      ]
    ],
    [
      [
        7.355411926664431,
        4.243074505463834
      ],
      [
        8.782800759213703,
        4.243074505463834
      ],
      [
        8.782800759213703,
        5.435379155808624
      ],
      [
        7.355411926664431,
        5.435379155808624
      ]
    ],
    [
      [
        6.596840536227603,
        2.257244867487797
      ],
      [
        7.74687154276771,
        2.257244867487797
      ],
      [
        7.74687154276771,
        3.5088243544871425
      ],
      [
        6.596840536227603,
        3.5088243544871425
      ]
    ]
  ]
}