{
  "workspace": [
    0,
    10,
    0,
    10
  ],
  "start": [
    1,
    1
  ],
  "goal": [
    8,
    8
  ],
  "obstacles": [
    [
      [
        3.108431478164808,
        7.801526183618985
      ],
      [
        4.581180988233057,
        7.801526183618985
      ],
      [
        4.581180988233057,
        8.88410223440867
      ],
      [
        3.108431478164808,
        8.88410223440867
      ]
    ],
    [
      [
        0.6738358886048769,
        3.263404864508575
      ],
      [
        1.3564740114248806,
        3.263404864508575
      ],
      [
        1.3564740114248806,
        4.382665059554023
      ],
      [
        0.6738358886048769,
        4.382665059554023
      ]
    ],
    [
      [
        5.030267185579078,
        7.833636999001617
      ],
      [
        5.8180948936929155,
        7.833636999001617
      ],
      [
        5.8180948936929155,
        8.766139241971329
      ],
      [
        5.030267185579078,
        8.766139241971329
      ]
    ],
    [
      [
        2.535863632688944,
        6.0797571514374145
      ],
      [
        3.3574971836911836,
        6.0797571514374145
      ],
      [
        3.3574971836911836,
        6.828520704593492
      ],
      [
        2.535863632688944,
        6.828520704593492
      ]
    ],
    [
      [
        0.5538775585903384,
        1.632423335967967
      ],
      [
        1.6785748190552332,
        1.632423335967967
      ],
      [
        1.6785748190552332,
        2.9391342291665743
      ],
      [
        0.5538775585903384,
        2.9391342291665743
      ]
    ],
    [
      [
        3.896261981453856,
        3.1580739168784544
      ],
      [
        5.366761301313623,
        3.1580739168784544
      ],
      [
        5.366761301313623,
        3.8098796398397403
      ],
      [
        3.896261981453856,
        3.8098796398397403
      ]
    ]
  ]
}