{
  "workspace": [
    0,
    10,
    0,
    10
  ],
  "start": [
    1,
    1
  ],
  "goal": [
    8,
    8
  ],
  "obstacles": [
    [
      [
        6.707163373968054,
        1.3877770819871493
      ],
      [
        8.121992808779126,
        1.3877770819871493
      ],
      [
        8.121992808779126,
        2.6526702151747745
      ],
      [
        6.707163373968054,
        2.6526702151747745
      ]
    ],
    [
      [
        6.015597822477934,
        9.160483117712863
      ],
      [
        6.651611678365308,
        9.160483117712863
      ],
      [
        6.651611678365308,
        9.812060111387902
      ],
      [
        6.015597822477934,
        9.812060111387902
      ]
    ],
    [
      [
        3.1263979052647586,
        7.492591593849437
      ],
      [
        3.9244116853566733,
        7.492591593849437
      ],
      [
        3.9244116853566733,
        8.160507729729048
      ],
      [
        3.1263979052647586,
        8.160507729729048
      ]
    ],
    [
      [
        1.2981804660966931,
        3.8339466451801503
      ],
      [
        2.695428916926172,
        3.8339466451801503
      ],
      [
        2.695428916926172,
        5.25478383748718
      ],
      [
        1.2981804660966931,
        5.25478383748718
      ]
    ],
    [
      [
        0.3880050120144318,
        7.622535127142726
      ],
      [
        1.7037138104279514,
        7.622535127142726
      ],
      [
        1.7037138104279514,
        8.773564363436467
      ],
      [
        0.3880050120144318,
        8.773564363436467
      ]
    ],
    [
      [
        0.07060529165072194,
        2.416554512024921
      ],
      [
        1.4682064262733778,
        2.416554512024921
      ],
      [
        1.4682064262733778,
        3.6680411640935655
      ],
      [
        0.07060529165072194,
        3.6680411640935655
      ]
    ]
  ]
}