{
  "workspace": [
    0,
    10,
    0,
    10
  ],
  "start": [
    1,
    1
  ],
  "goal": [
    8,
    8
  ],
  "obstacles": [
    [
      [
        7.970754911437135,
        2.6902430894655813
      ],
      [
        9.46172105540762,
        2.6902430894655813
      ],
      [
        9.46172105540762,
        3.7957410883131386
      ],
      [
        7.970754911437135,
        3.7957410883131386
      ]
    ],
    [
      [
        1.5055026350839857,
        1.9388339576210758
      ],
      [
        2.851694409290926,
        1.9388339576210758
      ],
      [
        2.851694409290926,
        2.5577372398158893
      ],
      [
        1.5055026350839857,
        2.5577372398158893
      ]
    ],
    [
      [
        5.903474193639078,
        0.5823907528128518
      ],
      [
        6.992115203922656,
        0.5823907528128518
      ],
      [
        6.992115203922656,
        1.3991540748991735
      ],
      [
        5.903474193639078,
        1.3991540748991735
      ]
    ],
    [
      [
        4.35626926093029,
        0.5585372467149345
      ],
      [
        5.4022405556004145,
        0.5585372467149345
      ],
      [
        5.4022405556004145,
        1.9641614657071274
      ],
      [
        4.35626926093029,
        1.9641614657071274
      ]
    ],
    [
      [
        5.773717150243835,
        6.70875545547629
      ],
      [
        7.223435526297285,
        6.70875545547629
      ],
      [
        7.223435526297285,
        8.147902182899585
      ],
      [
        5.773717150243835,
        8.147902182899585
      ]
    ],
    [
      [
        5.347437240329209,
        8.677419168072124
      ],
      [
        6.506222761571046,
        8.677419168072124
      ],
      [
        6.506222761571046,
        9.575319077192738
      ],
      [
        5.347437240329209,
        9.575319077192738
      ]
    ]
  ]
}