{
  "workspace": [
    0,
    10,
    0,
    10
  ],
  "start": [
    1,
    1
  ],
  "goal": [
    8,
    8
  ],
  "obstacles": [
    [
      [
        4.10562363558717,
        6.522875682234432
      ],
      [
        4.881468638730192,
        6.522875682234432
      ],
      [
        4.881468638730192,
        7.226392955811075
      ],
      [
        4.10562363558717,
        7.226392955811075
      ]
    ],
    [
      [
        0.5881293334677784,
        3.116351151650022
      ],
      [
        1.545021725337606,
        3.116351151650022
      ],
      [
        1.545021725337606,
        4.140609882352402
      ],
      [
        0.5881293334677784,
        4.140609882352402
      ]
    ],
    [
      [
        0.3701582049302639,
        5.501307698863414
      ],
      [
        1.1642342897255429,
        5.501307698863414
      ],
      [
        1.1642342897255429,
        6.80841219507812
      ],
      [
        0.3701582049302639,
        6.80841219507812
      ]
    ],
    [
      [
        6.0729374435483106,
        4.104563880999526
      ],
      [
        7.259738664159672,
        4.104563880999526
      ],
      [
        7.259738664159672,
        5.47492837023564
      ],
      [
        6.0729374435483106,
        5.47492837023564
      ]
    ],
    [
      [
        7.8387139268405654,
        4.431978160746089
      ],
      [
        9.226001660187745,
        4.431978160746089
      ],
      [
        9.226001660187745,
        5.567956498046888
      ],
      [
        7.8387139268405654,
        5.567956498046888
      ]
    ],
    [
      [
        8.47671271076794,
        8.760263322295732
      ],
      [
        9.922211937820633,
        8.760263322295732
      ],
      [
        9.922211937820633,
        9.723824658099172
      ],
      [
        8.47671271076794,
        9.723824658099172
      ]
    ]
  ]
}