{
  "workspace": [
    0,
    10,
    0,
    10
  ],
  "start": [
    1,
    1
  ],
  "goal": [
    8,
    8
  ],
  "obstacles": [
    [
      [
        4.808294060033395,
        6.829127004253291
      ],
      [
        5.737150402969352,
        6.829127004253291
      ],
      [
        5.737150402969352,
        7.731571709921946
      ],
      [
        4.808294060033395,
        7.731571709921946
      ]
    ],
    [
      [
        3.571571836067614,
        2.892780689368908
      ],
      [
        4.3712338896268825,
        2.892780689368908
      ],
      [
        4.3712338896268825,
        3.5704943354512846
      ],
      [
        3.571571836067614,
        3.5704943354512846
      ]
    ],
    [
      [
        7.418486185097881,
        0.1712501955164023
      ],
      [
        8.88860490527276,
        0.1712501955164023
      ],
      [
        8.88860490527276,
        1.3354906691142832
      ],
      [
        7.418486185097881,
        1.3354906691142832
      ]
    ],
    [
      [
        7.720440329620909,
        3.9856798508766245
      ],
      [
        8.855895943665171,
        3.9856798508766245
      ],
      [
        8.855895943665171,
        5.2465174769237
      ],
      [
        7.720440329620909,
        5.2465174769237
      ]
    ],
    [
      [
        3.3061636837780775,
        7.795847874864095
      ],
      [
        4.163454922844213,
        7.795847874864095
      ],
      [
        4.163454922844213,
        8.555483767178606
      ],
      [
        3.3061636837780775,
        8.555483767178606
      ]
    ],
    [
      [
        2.2579343288205043,
        2.46701679711409
      ],
      [
        3.511464173884114,
        2.46701679711409
      ],
      [
        3.511464173884114,
        3.949592640500678
      ],
      [
        2.2579343288205043,
        3.949592640500678
      ]
    ]
  ]
}