{
  "workspace": [
    0,
    10,
    0,
    10
  ],
  "start": [
    1,
    1
  ],
  "goal": [
    8,
    8
  ],
  "obstacles": [
    [
      [
        1.306579556862831,
        2.8859998452441813
      ],
      [
        1.9453726293594384,
        2.8859998452441813
      ],
      [
        1.9453726293594384,
        4.28298124362039
      ],
      [
        1.306579556862831,
        4.28298124362039
      ]
    ],
    [
      [
        5.298276552290799,
        1.9511713789178688
      ],
      [
        6.794764014773824,
        1.9511713789178688
      ],
      [
        6.794764014773824,
        3.2086920407740305
      ],
      [
        5.298276552290799,
        3.2086920407740305
      ]
    ],
    [
      [
        0.782379109613775,
        5.688094833145698
      ],
      [
        1.9714314922157334,
        5.688094833145698
      ],
      [
        1.9714314922157334,
        6.30769127942046
      ],
      [
        0.782379109613775,
        6.30769127942046
      ]
    ],
    [
      [
        5.690535196214283,
        3.8203242484091895
      ],
      [
        6.828284799710163,
        3.8203242484091895
      ],
      [
        6.828284799710163,
        5.160012982071988
      ],
      [
        5.690535196214283,
        5.160012982071988
      ]
    ],
    [
      [
        6.593141680950322,
        5.681069551259027
      ],
      [
        7.85654569207851,
        5.681069551259027
      ],
      [
        7.85654569207851,
        6.690587366212965
      ],
      [
        6.593141680950322,
        6.690587366212965
      ]
    ],
    [
      [
        7.143735331556903,
        0.4639773701327472
      ],
      [
        8.550236826739052,
        0.4639773701327472
      ],
      [
        8.550236826739052,
        1.574285123533451
      ],
      [
        7.143735331556903,
        1.574285123533451
      ]
    ]
  ]
}