{
  "workspace": [
    0,
    10,
    0,
    10
  ],
  "start": [
    1,
    1
  ],
  "goal": [
    8,
    8
  ],
  "obstacles": [
    [
      [
        4.222078394163044,
        8.548937874690106
      ],
      [
        5.383236121136233,
        8.548937874690106
      ],
      [
        5.383236121136233,
        9.836552710485266
      ],
      [
        4.222078394163044,
        9.836552710485266
      ]
    ],
    [
      [
        1.6994493093214547,
        4.494249087033263
      ],
      [
        3.116290203434508,
        4.494249087033263
      ],
      [
        3.116290203434508,
        5.829098967373517
      ],
      [
        1.6994493093214547,
        5.829098967373517
      ]
    ],
    [
      [
        3.3059745630724517,
        6.67694072541119
      ],
      [
        3.941490894218842,
        6.67694072541119
      ],
      [
        3.941490894218842,
        7.285904786559139
      ],
      [
        3.3059745630724517,
        7.285904786559139
      ]
    ],
    [
      [
        3.8188653945501025,
        3.6615588111174606
      ],
      [
        4.507487839276014,
        3.6615588111174606
      ],
      [
        4.507487839276014,
        4.9967394637906555
      ],
      [
        3.8188653945501025,
        4.9967394637906555
      ]
    ],
    [
      [
        2.4625073420952477,
        0.10640928471381539
      ],
      [
        3.309165158919841,
        0.10640928471381539
      ],
      [
        3.309165158919841,
        1.1631837334819541
      ],
      [
        2.4625073420952477,
        1.1631837334819541
      ]
    ],
    [
      [
        8.111194699193579,
        4.562415793302245
      ],
      [
        9.549311800438023,
        4.562415793302245
      ],
      [
        9.549311800438023,
        5.819929577465052
      ],
      [
        8.111194699193579,
        5.819929577465052
      ]
    ]
  ]
}