{
  "workspace": [
    0,
    10,
    0,
    10
  ],
  "start": [
    1,
    1
  ],
  "goal": [
    8,
    8
  ],
  "obstacles": [
    [
      [
        0.5711701331320018,
        6.55580535710894
      ],
      [
        1.6896260076564729,
        6.55580535710894
      ],
      [
        1.6896260076564729,
        7.581656241906834
      ],
      [
        0.5711701331320018,
        7.581656241906834
      ]
    ],
    [
      [
        5.920247570795352,
        3.2977285113006993
      ],
      [
        6.850074886153244,
        3.2977285113006993
      ],
      [
        6.850074886153244,
        4.511993263812062
      ],
      [
        5.920247570795352,
        4.511993263812062
      ]
    ],
    [
      [
        1.9567214221604519,
        4.3240425493877055
      ],
      [
        3.205664214175314,
        4.3240425493877055
      ],
      [
        3.205664214175314,
        5.0682343571431545
      ],
      [
        1.9567214221604519,
        5.0682343571431545
      ]
    ],
    [
      [
        7.096043230282214,
        1.6091586308376962
      ],
      [
        8.014177808809087,
        1.6091586308376962
      ],
      [
        8.014177808809087,
        2.3121571075536633
      ],
      [
        7.096043230282214,
        2.3121571075536633
      ]
    ],
    [
      [
        8.107570944191165,
        0.5778845462050197
      ],
      [
        8.843302342805808,
        0.5778845462050197
      ],
      [
        8.843302342805808,
        1.6532143225177311
      ],
      [
        8.107570944191165,
        1.6532143225177311
      ]
    ],
    [
      [
        6.401983287141452,
        4.80058067769702
      ],
      [
        7.316881396784175,
        4.80058067769702
      ],
      [
        7.316881396784175,
        5.687549636668766
      ],
      [
        6.401983287141452,
        5.687549636668766
      ]
    ]
  ]
}