{
  "workspace": [
    0,
    10,
    0,
    10
  ],
  "start": [
    1,
    1
  ],
  "goal": [
    8,
    8
  ],
  "obstacles": [
    [
      [
        0.3132024388080006,
        6.849487088872037
      ],
      [
        1.6996795165422425,
        6.849487088872037
      ],
      [
        1.6996795165422425,
        8.183809170411104
      ],
      [
        0.3132024388080006,
        8.183809170411104
      ]
    ],
    [
      [
        5.216346935056328,
        5.549282873602781
      ],
      [
        6.185211780002924,
        5.549282873602781
      ],
      [
        6.185211780002924,
        6.419935032518804
      ],
      [
        5.216346935056328,
        6.419935032518804
      ]
    ],
    [
      [
        5.245455242476731,
        1.607249110729677
      ],
      [
        6.396244590748004,
        1.607249110729677
      ],
      [
        6.396244590748004,
        2.6813162075714563
      ],
      [
        5.245455242476731,
        2.6813162075714563
      ]
    ],
    [
      [
        8.382670278714734,
        6.276238244270793
      ],
      [
        9.020216386389823,
        6.276238244270793
      ],
      [
        9.020216386389823,
        6.922888237704576
      ],
      [
        8.382670278714734,
        6.922888237704576
      ]
    ],
    [
      [
        1.5824666945129182,
        2.111136517031522
      ],
      [
        2.198599774753019,
        2.111136517031522
      ],
      [
        2.198599774753019,
        2.8620606824853785
      ],
      [
        1.5824666945129182,
        2.8620606824853785
      ]
    ],
    [
      [
        1.7862615162248225,
        7.057036855770093
      ],
      [
        2.9037920791763066,
        7.057036855770093
      ],
      [
        2.9037920791763066,
        8.082217176812279
      ],
      [
        1.7862615162248225,
        8.082217176812279
      ]
    ]
  ]
}