{
  "workspace": [
    0,
    10,
    0,
    10
  ],
  "start": [
    1,
    1
  ],
  "goal": [
    8,
    8
  ],
  "obstacles": [
    [
      [
        7.302590404309193,
        6.220786188451194
      ],
      [
        7.908154541394044,
        6.220786188451194
      ],
      [
        7.908154541394044,
        7.481479391544489
      ],
      [
        7.302590404309193,
        7.481479391544489
      ]
    ],
    [
      [
        2.652768245931841,
        2.4134789111405555
      ],
      [
        3.7597441017191082,
        2.4134789111405555
      ],
      [
        3.7597441017191082,
        3.3717084507509707
      ],
      [
        2.652768245931841,
        3.3717084507509707
      ]
    ],
    [
      [
        5.7622125142725995,
        0.40959300858788317
      ],
      [
        6.635385756892827,
        0.40959300858788317
      ],
      [
        6.635385756892827,
        1.3896660648021766
      ],
      [
        5.7622125142725995,
        1.3896660648021766
      ]
    ],
    [
      [
        1.3120311960442654,
        8.54800038309166
      ],
      [
        2.185054377961243,
        8.54800038309166
      ],
      [
        2.185054377961243,
        9.85310383750299
      ],
      [
        1.3120311960442654,
        9.85310383750299
      ]
    ],
    [
      [
        7.838120623238341,
        1.0597241198329743
      ],
      [
        8.507650816065334,
        1.0597241198329743
      ],
      [
        8.507650816065334,
        1.738579324602787
      ],
      [
        7.838120623238341,
        1.738579324602787
      ]
    ],
    [
      [
        5.190551646192023,
        8.827280766866888
      ],
      [
        6.1023731529410865,
        8.827280766866888
      ],
      [
        6.1023731529410865,
        9.905627060132211
      ],
      [
        5.190551646192023,
        9.905627060132211
      ]
    ]
  ]
}