{
  "workspace": [
    0,
    10,
    0,
    10
  ],
  "start": [
    1,
    1
  ],
  "goal": [
    8,
    8
  ],
  "obstacles": [
    [
      [
        3.951964336738591,
        1.6796930831639627
      ],
      [
        4.916479037054291,
        1.6796930831639627
      ],
      [
        4.916479037054291,
        2.99946593713708
      ],
      [
        3.951964336738591,
        2.99946593713708
      ]
    ],
    [
      [
        1.6490212391350598,
        2.4381573348249623
      ],
      [
        3.0209637589535276,
        2.4381573348249623
      ],
      [
        3.0209637589535276,
        3.930884922042751
      ],
      [
        1.6490212391350598,
        3.930884922042751
      ]
    ],
    [
      [
        5.288347248569266,
        6.4089068756453855
      ],
      [
        5.897599904283675,
        6.4089068756453855
      ],
      [
        5.897599904283675,
        7.790628910997773
      ],
      [
        5.288347248569266,
        7.790628910997773
      ]
    ],
    [
      [
        7.4671171270155785,
        6.612862914791304
      ],
      [
        8.082462855767814,
        6.612862914791304
      ],
      [
        8.082462855767814,
        7.502948479635279
      ],
      [
        7.4671171270155785,
        7.502948479635279
      ]
    ],
    [
      [
        2.075362652684604,
        5.201869283136752
      ],
      [
        3.2496683294375566,
        5.201869283136752
      ],
      [
        3.2496683294375566,
        5.867022782118273
      ],
      [
        2.075362652684604,
        5.867022782118273
      ]
    ],
    [
      [
        3.1347700132363374,
        6.064344704318875
      ],
      [
        3.9392916331760683,
        6.064344704318875
      ],
      [
        3.9392916331760683,
        6.968177245182309
      ],
      [
        3.1347700132363374,
        6.968177245182309
      ]
    ]
  ]
}