{
  "workspace": [
    0,
    10,
    0,
    10
  ],
  "start": [
    1,
    1
  ],
  "goal": [
    8,
    8
  ],
  "obstacles": [
    [
      [
        3.4097219490230755,
        7.622475402453206
      ],
      [
        4.153942338949386,
        7.622475402453206
      ],
      [
        4.153942338949386,
        9.03228348556413
      ],
      [
        3.4097219490230755,
        9.03228348556413
      ]
    ],
    [
      [
        7.31405155765463,
        1.0383436293903552
      ],
      [
        8.026581726573653,
        1.0383436293903552
      ],
      [
        8.026581726573653,
        1.7314891381985626
      ],
      [
        7.31405155765463,
        1.7314891381985626
      ]
    ],
    [
      [
        0.75910590808278,
        8.83276728211435
      ],
      [
        2.136146969626591,
        8.83276728211435
      ],
      [
        2.136146969626591,
        9.436250009389422
      ],
      [
        0.75910590808278,
        9.436250009389422
      ]
    ],
    [
      [
        4.473455355972268,
        2.7531706686100814
      ],
      [
        5.632609770638528,
        2.7531706686100814
      ],
      [
        5.632609770638528,
        3.4561953027544914
      ],
      [
        4.473455355972268,
        3.4561953027544914
      ]
    ],
    [
      [
        2.1670923310353984,
        6.454828384395127
      ],
      [
        3.275827346494621,
        6.454828384395127
      ],
      [
        3.275827346494621,
        7.742210908254118
      ],
      [
        2.1670923310353984,
        7.742210908254118
      ]
    ],
    [
      [
        5.118633682639225,
        3.953246262405348
      ],
      [
        6.32290885577465,
        3.953246262405348
      ],
      [
        6.32290885577465,
        4.864407791250524
      ],
      [
        5.118633682639225,
        4.864407791250524
      ]
    ]
  ]
}