{
  "workspace": [
    0,
    10,
    0,
    10
  ],
  "start": [
    1,
    1
  ],
  "goal": [
    8,
    8
  ],
  "obstacles": [
    [
      [
        5.833470713521329,
        5.597634727293958
      ],
      [
        6.917857490648773,
        5.597634727293958
      ],
      [
        6.917857490648773,
        7.022055395943557
      ],
      [
        5.833470713521329,
        7.022055395943557
      ]
    ],
    [
      [
        2.605713491634199,
        8.03305135644208
      ],
      [
        4.036957526189551,
        8.03305135644208
      ],
      [
        4.036957526189551,
        8.633409426962057
      ],
      [
        2.605713491634199,
        8.633409426962057
      ]
    ],
    [
      [
        2.6490045448070085,
        0.6041388556331204
      ],
      [
        4.002362676241138,
        0.6041388556331204
      ],
      [
        4.002362676241138,
        2.09969942782865
      ],
      [
        2.6490045448070085,
        2.09969942782865
      ]
    ],
    [
      [
        2.9065175678798036,
        4.982870295285194
      ],
      [
        3.619905828307539,
        4.982870295285194
      ],
      [
        3.619905828307539,
        6.195275770286134
      ],
      [
        2.9065175678798036,
        6.195275770286134
      ]
    ],
    [
      [
        2.6673729664084975,
        6.9438791380124645
      ],
      [
        3.287850774994169,
        6.9438791380124645
      ],
      [
        3.287850774994169,
        7.753648694897565
      ],
      [
        2.6673729664084975,
        7.753648694897565
      ]
    ],
    [
      [
        1.869360279232104,
        7.163546776274401
      ],
      [
        2.5493484508474515,
        7.163546776274401
      ],
      [
        2.5493484508474515,
        7.826309674895256
      ],
      [
        1.869360279232104,
        7.826309674895256
      ]
    ]
  ]
}