{
  "workspace": [
    0,
    10,
    0,
    10
  ],
  "start": [
    1,
    1
  ],
  "goal": [
    8,
    8
  ],
  "obstacles": [
    [
      [
        6.5420269639905335,
        1.4155048555744782
      ],
      [
        8.026860507388434,
        1.4155048555744782
      ],
      [
        8.026860507388434,
        2.8134612130670087
      ],
      [
        6.5420269639905335,
        2.8134612130670087
      ]
    ],
    [
      [
        5.121119991083313,
        0.5626015005625804
      ],
      [
        6.4829230142486765,
        0.5626015005625804
      ],
      [
        6.4829230142486765,
        1.2021550861003998
      ],
      [
        5.121119991083313,
        1.2021550861003998
      ]
    ],
    [
      [
        5.5386274059512335,
        6.8707634364972145
      ],
      [
        6.180295969318685,
        6.8707634364972145
      ],
      [
        6.180295969318685,
        8.158584206701365
      ],
      [
        5.5386274059512335,
        8.158584206701365
      ]
    ],
    [
      [
        0.5631296797556068,
        3.3827078648992535
      ],
      [
        1.8789575143287935,
        3.3827078648992535
      ],
      [
        1.8789575143287935,
        4.523070020182496
      ],
      [
        0.5631296797556068,
        4.523070020182496
      ]
    ],
    [
      [
        2.3721098115222263,
        0.8891170908789701
      ],
      [
        3.4610130261542045,
        0.8891170908789701
      ],
      [
        3.4610130261542045,
        2.057918707538396
      ],
      [
        2.3721098115222263,
        2.057918707538396
      ]
    ],
    [
      [
        1.1362489930220199,
        8.003995396015183
      ],
      [
        1.8406021666140617,
        8.003995396015183
      ],
      [
        1.8406021666140617,
        9.4101939859595
      ],
      [
        1.1362489930220199,
        9.4101939859595
      ]
    ]
  ]
}