{
  "workspace": [
    0,
    10,
    0,
    10
  ],
  "start": [
    1,
    1
  ],
  "goal": [
    8,
    8
  ],
  "obstacles": [
    [
      [
        7.9913833957945055,
        5.109760917312826
      ],
      [
        8.785167233298163,
        5.109760917312826
      ],
      [
        8.785167233298163,
        6.30856382335188
      ],
      [
        7.9913833957945055,
        6.30856382335188
      ]
    ],
    [
      [
        6.245345563258752,
        2.980904720187552
      ],
      [
        7.514764550039077,
        2.980904720187552
      ],
      [
        7.514764550039077,
        4.289833896696393
      ],
      [
        6.245345563258752,
        4.289833896696393
      ]
    ],
    [
      [
        5.285077820809578,
        5.739837648594301
      ],
      [
        6.351892556814612,
        5.739837648594301
      ],
      [
        6.351892556814612,
        6.449086766420369
      ],
      [
        5.285077820809578,
        6.449086766420369
      ]
    ],
    [
      [
        2.549741810046519,
        4.356444301594013
      ],
      [
        3.8112448086191444,
        4.356444301594013
      ],
      [
        3.8112448086191444,
        5.004151801667327
      ],
      [
        2.549741810046519,
        5.004151801667327
      ]
    ],
    [
      [
        9.113246595846931,
        2.109189268625019
      ],
      [
        9.855119203228973,
        2.109189268625019
      ],
      [
        9.855119203228973,
        3.284467017242929
      ],
      [
        9.113246595846931,
        3.284467017242929
      ]
    ],
    [
      [
        1.8899729915477346,
        7.06787803536004
      ],
      [
        2.6022829846262763,
        7.06787803536004
      ],
      [
        2.6022829846262763,
        8.530444820034624
      ],
      [
        1.8899729915477346,
        8.530444820034624
      ]
    ]
  ]
}