{
  "workspace": [
    0,
    10,
    0,
    10
  ],
  "start": [
    1,
    1
  ],
  "goal": [
    8,
    8
  ],
  "obstacles": [
    [
      [
        1.6487095983161626,
        5.21055915773812
      ],
      [
        2.345802565237968,
        5.21055915773812
      ],
      [
        2.345802565237968,
        6.236458623515568
      ],
      [
        1.6487095983161626,
        6.236458623515568
      ]
    ],
    [
      [
        4.996689477028047,
        2.1569004259181654
      ],
      [
        5.721732207791243,
        2.1569004259181654
      ],
      [
        5.721732207791243,
        3.5438638910099374
      ],
      [
        4.996689477028047,
        3.5438638910099374
      ]
    ],
    [
      [
        6.075779864649898,
        6.534235228686009
      ],
      [
        6.937076120611072,
        6.534235228686009
      ],
      [
        6.937076120611072,
        7.372468753394656
      ],
      [
        6.075779864649898,
        7.372468753394656
      ]
    ],
    [
      [
        5.756859113795146,
        1.951587562756429
      ],
      [
        6.890198188360582,
        1.951587562756429
      ],
      [
        6.890198188360582,
        2.671074467847446
      ],
      [
        5.756859113795146,
        2.671074467847446
      ]
    ],
    [
      [
        9.046301466035482,
        2.490150881800821
      ],
      [
        9.789753257235171,
        2.490150881800821
      ],
      [
        9.789753257235171,
        3.1542905153423892
      ],
      [
        9.046301466035482,
        3.1542905153423892
      ]
    ],
    [
      [
        0.15068459691387948,
        1.7106809318047944
      ],
      [
        1.4656537124393376,
        1.7106809318047944
      ],
      [
        1.4656537124393376,
        2.7324920795302186
      ],
      [
        0.15068459691387948,
        2.7324920795302186
      ]
    ]
  ]
}