{
  "workspace": [
    0,
    10,
    0,
    10
  ],
  "start": [
    1,
    1
  ],
  "goal": [
    8,
    8
  ],
  "obstacles": [
    [
      [
        2.415890815032176,
        2.83603057683223
      ],
      [
        3.63760815414457,
        2.83603057683223
      ],
      [
        3.63760815414457,
        4.187045407308102
      ],
      [
        2.415890815032176,
        4.187045407308102
      ]
    ],
    [
      [
        8.221100396621669,
        3.896111642272223
      ],
      [
        9.089051102830709,
        3.896111642272223
      ],
      [
        9.089051102830709,
        4.903494043654047
      ],
      [
        8.221100396621669,
        4.903494043654047
      ]
    ],
    [
      [
        4.371773586465809,
        8.378160414345741
      ],
      [
        5.661403679946818,
        8.378160414345741
      ],
      [
        5.661403679946818,
        9.367953280771724
      ],
      [
        4.371773586465809,
        9.367953280771724
      ]
    ],
    [
      [
        1.377714309285992,
        8.243998837889576
      ],
      [
        2.3409550655376488,
        8.243998837889576
      ],
      [
        2.3409550655376488,
        9.536566787471633
      ],
      [
        1.377714309285992,
        9.536566787471633
      ]
    ],
    [
      [
        5.504391122991226,
        3.1581893821072873
      ],
      [
        6.710166384373702,
        3.1581893821072873
      ],
      [
        6.710166384373702,
        4.442454104719297
      ],
      [
        5.504391122991226,
        4.442454104719297
      ]
    ],
    [
      [
        8.84368815808447,
        6.208737955905622
      ],
      [
        9.83468234725846,
        6.208737955905622
      ],
      [
        9.83468234725846,
        7.329727174294803
      ],
      [
        8.84368815808447,
        7.329727174294803
      ]
    ]
  ]
}