{
  "workspace": [
    0,
    10,
    0,
    10
  ],
  "start": [
    1,
    1
  ],
  "goal": [
    8,
    8
  ],
  "obstacles": [
    [
      [
        4.649975418733747,
        8.050251336577158
      ],
      [
        5.520433166578747,
        8.050251336577158
      ],
      [
        5.520433166578747,
        9.156147670860996
      ],
      [
        4.649975418733747,
        9.156147670860996
      ]
    ],
    [
      [
        1.4754343783171384,
        0.3635170651357323
      ],
      [
        2.6934039115021156,
        0.3635170651357323
      ],
      [
        2.6934039115021156,
        1.343284424045231
      ],
      [
        1.4754343783171384,
        1.343284424045231
      ]
    ],
    [
      [
        4.76482702707125,
        1.0320322534691369
      ],
      [
        5.93721445816039,
        1.0320322534691369
      ],
      [
        5.93721445816039,
        2.098825619628304
      ],
      [
        4.76482702707125,
        2.098825619628304
      ]
    ],
    [
      [
        4.932633562150452,
        3.3440779069218562
      ],
      [
        6.355976973460097,
        3.3440779069218562
      ],
      [
        6.355976973460097,
        4.751592582674573
      ],
      [
        4.932633562150452,
        4.751592582674573
      ]
    ],
    [
      [
        2.1049533409750225,
        4.570755429346268
      ],
      [
        3.5768559096119397,
        4.570755429346268
      ],
      [
        3.5768559096119397,
        5.72411519062405
      ],
      [
        2.1049533409750225,
        5.72411519062405
      ]
    ],
    [
      [
        3.906296259356196,
        7.218536481968152
      ],
      [
        4.644481312839339,
        7.218536481968152
      ],
      [
        4.644481312839339,
        8.057093969380071
      ],
      [
        3.906296259356196,
        8.057093969380071
      ]
    ]
  ]
}