{
  "workspace": [
    0,
    10,
    0,
    10
  ],
  "start": [
    1,
    1
  ],
  "goal": [
    8,
    8
  ],
  "obstacles": [
    [
      [
        1.8140525566050643,
        7.8956766964335925
      ],
      [
        2.6441270346355545,
        7.8956766964335925
      ],
      [
        2.6441270346355545,
        8.745917693713984
      ],
      [
        1.8140525566050643,
        8.745917693713984
      ]
    ],
    [
      [
        7.7470163324701735,
        1.1868472878670402
      ],
      [
        9.059827582056728,
        1.1868472878670402
      ],
      [
        9.059827582056728,
        1.7956680854036926
      ],
      [
        7.7470163324701735,
        1.7956680854036926
      ]
    ],
    [
      [
        6.195530828251914,
        3.6946159387537287
      ],
      [
        7.685332052577508,
        3.6946159387537287
      ],
      [
        7.685332052577508,
        4.86865909061019
      ],
      [
        6.195530828251914,
        4.86865909061019
      ]
    ],
    [
      [
        2.9763191734526666,
        6.152358341383583
      ],
      [
        4.128841215469822,
        6.152358341383583
      ],
      [
        4.128841215469822,
        7.30361362889752
      ],
      [
        2.9763191734526666,
        7.30361362889752
      ]
    ],
    [
      [
        3.6167334532780973,
        0.7682736835801551
      ],
      [
        4.474651496525329,
        0.7682736835801551
      ],
      [
        4.474651496525329,
        2.016890152935116
      ],
      [
        3.6167334532780973,
        2.016890152935116
      ]
    ],
    [
      [
        6.250436181648925,
        5.947984364279108
      ],
      [
        7.246456519453923,
        5.947984364279108
      ],
      [
        7.246456519453923,
        7.166681950698033
      ],
      [
        6.250436181648925,
        7.166681950698033
      ]
    ]
  ]
}