{
  "workspace": [
    0,
    10,
    0,
    10
  ],
  "start": [
    1,
    1
  ],
  "goal": [
    8,
    8
  ],
  "obstacles": [
    [
      [
        2.285457229084426,
        5.597712008379265
      ],
      [
        3.106876374083936,
        5.597712008379265
      ],
      [
        3.106876374083936,
        6.539977288702531
      ],
      [
        2.285457229084426,
        6.539977288702531
      ]
    ],
    [
      [
        2.759682975792596,
        7.892708908246936
      ],
      [
        3.866749355494723,
        7.892708908246936
      ],
      [
        3.866749355494723,
        8.556592571915148
      ],
      [
        2.759682975792596,
        8.556592571915148
      ]
    ],
    [
      [
        0.550858679250581,
        8.885460605507193
      ],
      [
        1.3734321969369034,
        8.885460605507193
      ],
      [
        1.3734321969369034,
        9.980883851019032
      ],
      [
        0.550858679250581,
        9.980883851019032
      ]
    ],
    [
      [
        8.433040582724908,
        4.241035829276319
      ],
      [
        9.717177558421115,
        4.241035829276319
      ],
      [
        9.717177558421115,
        4.860656853042329
      ],
      [
        8.433040582724908,
        4.860656853042329
      ]
    ],
    [
      [
        0.8787729735350137,
        3.61708874243906
      ],
      [
        1.94537628049638,
        3.61708874243906
      ],
      [
        1.94537628049638,
        4.2476370454834225
      ],
      [
        0.8787729735350137,
        4.2476370454834225
      ]
    ],
    [
      [
        3.355930294248116,
        6.946732124807017
      ],
      [
        3.989678713687931,
        6.946732124807017
      ],
      [
        3.989678713687931,
        7.690764987483941
      ],
      [
        3.355930294248116,
        7.690764987483941
      ]
    ]
  ]
}