{
  "workspace": [
    0,
    10,
    0,
    10
  ],
  "start": [
    1,
    1
  ],
  "goal": [
    8,
    8
  ],
  "obstacles": [
    [
      [
        4.21734370085531,
        0.9697639177441857
      ],
      [
        5.505901502732253,
        0.9697639177441857
      ],
      [
        5.505901502732253,
        1.761444541436821
      ],
      [
        4.21734370085531,
        1.761444541436821
      ]
    ],
    [
      [
        0.22251555147847668,
        6.580344840613085
      ],
      [
        1.6876397955511235,
        6.580344840613085
      ],
      [
        1.6876397955511235,
        7.722352071975875
      ],
      [
        0.22251555147847668,
        7.722352071975875
      ]
    ],
    [
      [
        5.44073458531269,
        7.9077029268944266
      ],
      [
        6.114828484235598,
        7.9077029268944266
      ],
      [
        6.114828484235598,
        8.747758798676
      ],
      [
        5.44073458531269,
        8.747758798676
      ]
    ],
    [
      [
        2.8971546731635556,
        2.5443768603642374
      ],
      [
        3.7233918427256887,
        2.5443768603642374
      ],
      [
        3.7233918427256887,
        3.6648934920169527
      ],
      [
        2.8971546731635556,
        3.6648934920169527
      ]
    ],
    [
      [
        3.748932172942156,
        8.30158698514352
      ],
      [
        4.356466104173883,
        8.30158698514352
      ],
      [
        4.356466104173883,
        9.442460571810962
      ],
      [
        3.748932172942156,
        9.442460571810962
      ]
    ],
    [
      [
        1.4899162253729403,
        7.739033115706161
      ],
      [
        2.5171532984442337,
        7.739033115706161
      ],
      [
        2.5171532984442337,
        8.527768861963597
      ],
      [
        1.4899162253729403,
        8.527768861963597
      ]
    ]
  ]
}