{
  "workspace": [
    0,
    10,
    0,
    10
  ],
  "start": [
    1,
    1
  ],
  "goal": [
    8,
    8
  ],
  "obstacles": [
    [
      [
        2.2312228971390065,
        1.7563552571887464
      ],
      [
        3.2738461177537284,
        1.7563552571887464
      ],
      [
        3.2738461177537284,
        2.3923138963416473
      ],
      [
        2.2312228971390065,
        2.3923138963416473
      ]
    ],
    [
      [
        3.071721907544787,
        4.594325149632134
      ],
      [
        4.483229294433541,
        4.594325149632134
      ],
      [
        4.483229294433541,
        5.903244624057628
      ],
      [
        3.071721907544787,
        5.903244624057628
      ]
    ],
    [
      [
        5.357027762101713,
        7.332903141912887
      ],
      [
        6.249102784607829,
        7.332903141912887
      ],
      [
        6.249102784607829,
        8.360124680661302
      ],
      [
        5.357027762101713,
        8.360124680661302
      ]
    ],
    [
      [
        4.253914442015147,
        7.930917412110512
      ],
      [
        5.256356612881519,
        7.930917412110512
      ],
      [
        5.256356612881519,
        8.933435988306018
      ],
      [
        4.253914442015147,
        8.933435988306018
      ]
    ],
    [
      [
        0.8183321255169239,
        8.206148462422084
      ],
      [
        1.7994136306390658,
        8.206148462422084
      ],
      [
        1.7994136306390658,
        9.058327589626101
      ],
      [
        0.8183321255169239,
        9.058327589626101
      ]
    ],
    [
      [
        0.7530708100873179,
        1.9118727208802007
      ],
      [
        1.7776288329889551,
        1.9118727208802007
      ],
      [
        1.7776288329889551,
        2.5985847218619593
      ],
      [
        0.7530708100873179,
        2.5985847218619593
      ]
    ]
  ]
}