{
  "workspace": [
    0,
    10,
    0,
    10
  ],
  "start": [
    1,
    1
  ],
  "goal": [
    8,
    8
  ],
  "obstacles": [
    [
      [
        5.296359680147937,
        7.601549801332976
      ],
      [
        6.219117491420597,
        7.601549801332976
      ],
      [
        6.219117491420597,
        8.300014562790274
      ],
      [
        5.296359680147937,
        8.300014562790274
      ]
    ],
    [
      [
        4.198271494289801,
        3.917969131416093
      ],
      [
        5.06658850799901,
        3.917969131416093
      ],
      [
        5.06658850799901,
        5.186435367084826
      ],
      [
        4.198271494289801,
        5.186435367084826
      ]
    ],
    [
      [
        8.453563267369551,
        6.4200234946418995
      ],
      [
        9.118784185645735,
        6.4200234946418995
      ],
      [
        9.118784185645735,
        7.0248628874439305
      ],
      [
        8.453563267369551,
        7.0248628874439305
      ]
    ],
    [
      [
        0.37473389195253715,
        3.1578610253782697
      ],
      [
        1.5879820191004703,
        3.1578610253782697
      ],
      [
        1.5879820191004703,
        4.304276426318851
      ],
      [
        0.37473389195253715,
        4.304276426318851
      ]
    ],
    [
      [
        2.636261608670984,
        1.3320516549144914
      ],
      [
        4.07645130811352,
        1.3320516549144914
      ],
      [
        4.07645130811352,
        2.211713430011228
      ],
      [
        2.636261608670984,
        2.211713430011228
      ]
    ],
    [
      [
        7.2934607004758405,
        2.0458434021639813
      ],
      [
        8.235320319761033,
        2.0458434021639813
      ],
      [
        8.235320319761033,
        3.0025492806371505
      ],
      [
        7.2934607004758405,
        3.0025492806371505
      ]
    ]
  ]
}