{
  "workspace": [
    0,
    10,
    0,
    10
  ],
  "start": [
    1,
    1
  ],
  "goal": [
    8,
    8
  ],
  "obstacles": [
    [
      [
        6.8403874083039575,
        8.604240627821108
      ],
      [
        7.921107297519455,
        8.604240627821108
      ],
      [
        7.921107297519455,
        9.448547396383836
      ],
      [
        6.8403874083039575,
        9.448547396383836
      ]
    ],
    [
      [
        4.337725283831682,
        7.914503336132556
      ],
      [
        5.825825624046667,
        7.914503336132556
      ],
      [
        5.825825624046667,
        9.09123422856589
      ],
      [
        4.337725283831682,
        9.09123422856589
      ]
    ],
    [
      [
        4.790847069956303,
        3.2208355819099803
      ],
      [
        5.513825277844788,
        3.2208355819099803
      ],
      [
        5.513825277844788,
        3.8462313328854143
      ],
      [
        4.790847069956303,
        3.8462313328854143
      ]
    ],
    [
      [
        3.903359295647552,
        1.3772594855470408
      ],
      [
        5.354080644844992,
        1.3772594855470408
      ],
      [
        5.354080644844992,
        2.806244644897945
      ],
      [
        3.903359295647552,
        2.806244644897945
      ]
    ],
    [
      [
        6.323509611771009,
        4.484461765130259
      ],
      [
        7.473407817599281,
        4.484461765130259
      ],
      [
        7.473407817599281,
        5.853533269402055
      ],
      [
        6.323509611771009,
        5.853533269402055
      ]
    ],
    [
      [
        0.5245785129891709,
        4.826905196115035
      ],
      [
        1.5866552393929025,
        4.826905196115035
      ],
      [
        1.5866552393929025,
        5.847113248987814
      ],
      [
        0.5245785129891709,
        5.847113248987814
      ]
    ]
  ]
}