{
  "workspace": [
    0,
    10,
    0,
    10
  ],
  "start": [
    1,
    1
  ],
  "goal": [
    8,
    8
  ],
  "obstacles": [
    [
      [
        2.9572156776253102,
        4.813804452001349
      ],
      [
        3.812193709700791,
        4.813804452001349
      ],
      [
        3.812193709700791,
        5.993163199590544
      ],
      [
        2.9572156776253102,
        5.993163199590544
      ]
    ],
    [
      [
        2.7645293969488893,
        6.985236911277193
      ],
      [
        4.035502062051107,
        6.985236911277193
      ],
      [
        4.035502062051107,
        8.198430766534479
      ],
      [
        2.7645293969488893,
        8.198430766534479
      ]
    ],
    [
      [
        4.899744240737979,
        3.592012694254048
      ],
      [
        6.297173959041482,
        3.592012694254048
      ],
      [
        6.297173959041482,
        4.377276832335301
      ],
      [
        4.899744240737979,
        4.377276832335301
      ]
    ],
    [
      [
        2.7236697317979157,
        0.030630432050985923
      ],
      [
        3.3584819880711496,
        0.030630432050985923
      ],
      [
        3.3584819880711496,
        0.6351053508302041
      ],
      [
        2.7236697317979157,
        0.6351053508302041
      ]
    ],
    [
      [
        7.543584494309145,
        1.5102834492771127
      ],
      [
        8.726376670103773,
        1.5102834492771127
      ],
      [
        8.726376670103773,
        2.535418463059645
      ],
      [
        7.543584494309145,
        2.535418463059645
      ]
    ],
    [
      [
        0.9399576862890965,
        6.669788579504441
      ],
      [
        2.089682873823691,
        6.669788579504441
      ],
      [
        2.089682873823691,
        8.110784435765133
      ],
      [
        0.9399576862890965,
        8.110784435765133
      ]
    ]
  ]
}