{
  "workspace": [
    0,
    10,
    0,
    10
  ],
  "start": [
    1,
    1
  ],
  "goal": [
    8,
    8
  ],
  "obstacles": [
    [
      [
        5.695908617439054,
        8.530151668730536
      ],
      [
        6.771944651786908,
        8.530151668730536
      ],
      [
        6.771944651786908,
        9.226044024615511
      ],
      [
        5.695908617439054,
        9.226044024615511
      ]
    ],
    [
      [
        5.378042582584468,
        4.051328236820184
      ],
      [
        6.531909419983997,
        4.051328236820184
      ],
      [
        6.531909419983997,
        4.862933019703605
      ],
      [
        5.378042582584468,
        4.862933019703605
      ]
    ],
    [
      [
        7.116664098329997,
        1.2680941494279145
      ],
      [
        8.194736759698174,
        1.2680941494279145
      ],
      [
        8.194736759698174,
        1.9826091764596874
      ],
      [
        7.116664098329997,
        1.9826091764596874
      ]
    ],
    [
      [
        6.822341553346419,
        0.46710759531067114
      ],
      [
        7.821336189280235,
        0.46710759531067114
      ],
      [
        7.821336189280235,
        1.0843343649776547
      ],
      [
        6.822341553346419,
        1.0843343649776547
      ]
    ],
    [
      [
        2.4623793555344853,
        1.268542300289251
      ],
      [
        3.9121334566090646,
        1.268542300289251
      ],
      [
        3.9121334566090646,
        2.181643446970954
      ],
      [
        2.4623793555344853,
        2.181643446970954
      ]
    ],
    [
      [
        8.644666689115123,
        2.4182933646785116
      ],
      [
        9.672199076280446,
        2.4182933646785116
      ],
      [
        9.672199076280446,
        3.8274598228164685
      ],
      [
        8.644666689115123,
        3.8274598228164685
      ]
    ]
  ]
}