{
  "workspace": [
    0,
    10,
    0,
    10
  ],
  "start": [
    1,
    1
  ],
  "goal": [
    8,
    8
  ],
  "obstacles": [
    [
      [
        8.30579648418047,
        8.38779817734966
      ],
      [
        9.256814983828134,
        8.38779817734966
      ],
      [
        9.256814983828134,
        9.30703445301908
      ],
      [
        8.30579648418047,
        9.30703445301908
      ]
    ],
    [
      [
        6.502334371295288,
        1.6236623028871395
      ],
      [
        7.806807760084429,
        1.6236623028871395
      ],
      [
        7.806807760084429,
        2.6141977209139875
      ],
      [
        6.502334371295288,
        2.6141977209139875
      ]
    ],
    [
      [
        4.625058296198925,
        0.2963132915170123
      ],
      [
        5.597068847850953,
        0.2963132915170123
      ],
      [
        5.597068847850953,
        0.9741970535078202
      ],
      [
        4.625058296198925,
        0.9741970535078202
      ]
    ],
    [
      [
        3.053995514500165,
        7.907329200810984
      ],
      [
        4.062582059488264,
        7.907329200810984
      ],
      [
        4.062582059488264,
        8.6373905350957
      ],
      [
        3.053995514500165,
        8.6373905350957
      ]
    ],
    [
      [
        5.771284559834861,
        1.5601085030756638
      ],
      [
        6.499529551423738,
        1.5601085030756638
      ],
      [
        6.499529551423738,
        3.0478680883392752
      ],
      [
        5.771284559834861,
        3.0478680883392752
      ]
    ],
    [
      [
        3.209414554286831,
        1.8089081366640989
      ],
      [
        4.132296258221125,
        1.8089081366640989
      ],
      [
        4.132296258221125,
        2.637762982075372
      ],
      [
        3.209414554286831,
        2.637762982075372
      ]
    ]
  ]
}