{
  "workspace": [
    0,
    10,
    0,
    10
  ],
  "start": [
    1,
    1
  ],
  "goal": [
    8,
    8
  ],
  "obstacles": [
    [
      [
        6.91475582294171,
        5.898785826000823
      ],
      [
        8.058057365012967,
        5.898785826000823
      ],
      [
        8.058057365012967,
        6.865367644374799
      ],
      [
        6.91475582294171,
        6.865367644374799
      ]
    ],
    [
      [
        5.933174176641721,
        7.979032090230733
      ],
      [
        6.683805426894075,
        7.979032090230733
      ],
      [
        6.683805426894075,
        9.179857217692136
      ],
      [
        5.933174176641721,
        9.179857217692136
      ]
    ],
    [
      [
        5.426480634526478,
        0.6356828864540329
      ],
      [
        6.8116577461084065,
        0.6356828864540329
      ],
      [
        6.8116577461084065,
        1.914234162920315
      ],
      [
        5.426480634526478,
        1.914234162920315
      ]
    ],
    [
      [
        8.44528540758381,
        7.772716628142104
      ],
      [
        9.09071931307718,
        7.772716628142104
      ],
      [
        9.09071931307718,
        8.830402648225633
      ],
      [
        8.44528540758381,
        8.830402648225633
      ]
    ],
    [
      [
        8.076223978946546,
        2.156725729378495
      ],
      [
        9.37398092807972,
        2.156725729378495
      ],
      [
        9.37398092807972,
        3.263054559718518
      ],
      [
        8.076223978946546,
        3.263054559718518
      ]
    ],
    [
      [
        1.9827194413012816,
        7.835674128841249
      ],
      [
        2.78704309135029,
        7.835674128841249
      ],
      [
        2.78704309135029,
        8.988978118562788
      ],
      [
        1.9827194413012816,
        8.988978118562788
      ]
    ]
  ]
}