{
  "workspace": [
    0,
    10,
    0,
    10
  ],
  "start": [
    1,
    1
  ],
  "goal": [
    8,
    8
  ],
  "obstacles": [
    [
      [
        6.012306969986948,
        3.5462150047763563
      ],
      [
        7.157901774220406,
        3.5462150047763563
      ],
      [
        7.157901774220406,
        4.849826258573423
      ],
      [
        6.012306969986948,
        4.849826258573423
      ]
    ],
    [
      [
        0.8095432575422915,
        3.434841164866709
      ],
      [
        2.17714273437991,
        3.434841164866709
      ],
      [
        2.17714273437991,
        4.1362514443450245
      ],
      [
        0.8095432575422915,
        4.1362514443450245
      ]
    ],
    [
      [
        0.30731029809751653,
        8.515520117045451
      ],
      [
        1.7109022980003123,
        8.515520117045451
      ],
      [
        1.7109022980003123,
        9.866004912872736
      ],
      [
        0.30731029809751653,
        9.866004912872736
      ]
    ],
    [
      [
        3.026689493475502,
        2.413302935620398
      ],
      [
        4.257246659599231,
        2.413302935620398
      ],
      [
        4.257246659599231,
        3.4616759198739198
      ],
      [
        3.026689493475502,
        3.4616759198739198
      ]
    ],
    [
      [
        6.326916882115063,
        7.182294018598898
      ],
      [
        6.978270249754591,
        7.182294018598898
      ],
      [
        6.978270249754591,
        8.441370798704687
      ],
      [
        6.326916882115063,
        8.441370798704687
      ]
    ],
    [
      [
        5.017487096325426,
        1.1461252628656333
      ],
      [
        5.863498877817055,
        1.1461252628656333
      ],
      [
        5.863498877817055,
        2.1653160205143442
      ],
      [
        5.017487096325426,
        2.1653160205143442
      ]
    ]
  ]
}