{
  "workspace": [
    0,
    10,
    0,
    10
  ],
  "start": [
    1,
    1
  ],
  "goal": [
    8,
    8
  ],
  "obstacles": [
    [
      [
        3.953629147738764,
        0.7238679899832716
      ],
      [
        4.857926136121937,
        0.7238679899832716
      ],
      [
        4.857926136121937,
        2.0580821586388467
      ],
      [
        3.953629147738764,
        2.0580821586388467
      ]
    ],
    [
      [
        8.673511923385924,
        0.5774398792132506
      ],
      [
        9.946438324759704,
        0.5774398792132506
      ],
      [
        9.946438324759704,
        1.287288095216148
      ],
      [
        8.673511923385924,
        1.287288095216148
      ]
    ],
    [
      [
        4.810400392452991,
        5.905652960821257
      ],
      [
        5.59326323452386,
        5.905652960821257
      ],
      [
        5.59326323452386,
        6.641167372658094
      ],
      [
        4.810400392452991,
        6.641167372658094
      ]
    ],
    [
      [
        1.2370572513848526,
        8.440652386167672
      ],
      [
        2.567374355835674,
        8.440652386167672
      ],
      [
        2.567374355835674,
        9.330403510475497
      ],
      [
        1.2370572513848526,
        9.330403510475497
      ]
    ],
    [
      [
        2.0723840202884354,
        5.318534388302377
      ],
      [
        2.7447880739238233,
        5.318534388302377
      ],
      [
        2.7447880739238233,
        6.05699709969044
      ],
      [
        2.0723840202884354,
        6.05699709969044
      ]
    ],
    [
      [
        7.3174802649236605,
        0.4318617472092051
      ],
      [
        7.92782874457203,
        0.4318617472092051
      ],
      [
        7.92782874457203,
        1.1542762409496325
      ],
      [
        7.3174802649236605,
        1.1542762409496325
      ]
    ]
  ]
}