{
  "workspace": [
    0,
    10,
    0,
    10
  ],
  "start": [
    1,
    1
  ],
  "goal": [
    8,
    8
  ],
  "obstacles": [
    [
      [
        0.4673713545663765,
        3.3169628980220995
      ],
      [
        1.149037851067555,
        3.3169628980220995
      ],
      [
        1.149037851067555,
        4.32718911679995
      ],
      [
        0.4673713545663765,
        4.32718911679995
      ]
    ],
    [
      [
        6.30082181349966,
        7.675279983852161
      ],
      [
        7.408986080581386,
        7.675279983852161
      ],
      [
        7.408986080581386,
        9.159515559342122
      ],
      [
        6.30082181349966,
        9.159515559342122
      ]
    ],
    [
      [
        5.007085170945323,
        5.549321241296905
      ],
      [
        5.8247409948881,
        5.549321241296905
      ],
      [
        5.8247409948881,
        6.769144195292954
      ],
      [
        5.007085170945323,
        6.769144195292954
      ]
    ],
    [
      [
        5.895012839233511,
        2.552491595214685
      ],
      [
        6.5675759317319535,
        2.552491595214685
      ],
      [
        6.5675759317319535,
        3.4744976407340427
      ],
      [
        5.895012839233511,
        3.4744976407340427
      ]
    ],
    [
      [
        7.110979489106167,
        3.8031898717416204
      ],
      [
        8.026889123291415,
        3.8031898717416204
      ],
      [
        8.026889123291415,
        4.774108248042387
      ],
      [
        7.110979489106167,
        4.774108248042387
      ]
    ],
    [
      [
        0.07640177725947983,
        9.146377696227468
      ],
      [
        1.153895653040146,
        9.146377696227468
      ],
      [
        1.153895653040146,
        9.892039467635616
      ],
      [
        0.07640177725947983,
        9.892039467635616
      ]
    ]
  ]
}