{
  "workspace": [
    0,
    10,
    0,
    10
  ],
  "start": [
    1,
    1
  ],
  "goal": [
    8,
    8
  ],
  "obstacles": [
    [
      [
        3.2272728462531264,
        8.34948188815747
      ],
      [
        4.24554509734097,
        8.34948188815747
      ],
      [
        4.24554509734097,
        9.683875838800965
      ],
      [
        3.2272728462531264,
        9.683875838800965
      ]
    ],
    [
      [
        4.95020123662835,
        0.7237408608694201
      ],
      [
        5.843405251205527,
        0.7237408608694201
      ],
      [
        5.843405251205527,
        1.611384785126459
      ],
      [
        4.95020123662835,
        1.611384785126459
      ]
    ],
    [
      [
        1.1403749845940878,
        7.9605361392461145
      ],
      [
        1.7984694749980237,
        7.9605361392461145
      ],
      [
        1.7984694749980237,
        8.998978581766382
      ],
      [
        1.1403749845940878,
        8.998978581766382
      ]
    ],
    [
      [
        0.1063402616899648,
        4.626641473279435
      ],
      [
        1.1077571637498926,
        4.626641473279435
      ],
      [
        1.1077571637498926,
        5.291391655642818
      ],
      [
        0.1063402616899648,
        5.291391655642818
      ]
    ],
    [
      [
        8.413334488270324,
        5.367226874508229
      ],
      [
        9.294315840123373,
        5.367226874508229
      ],
      [
        9.294315840123373,
        6.836749999340134
      ],
      [
        8.413334488270324,
        6.836749999340134
      ]
    ],
    [
      [
        2.757922108835425,
        3.6113784278164394
      ],
      [
        3.73817460598589,
        3.6113784278164394
      ],
      [
        3.73817460598589,
        4.646611453749538
      ],
      [
        2.757922108835425,
        4.646611453749538
      ]
    ]
  ]
}