{
  "workspace": [
    0,
    10,
    0,
    10
  ],
  "start": [
    1,
    1
  ],
  "goal": [
    8,
    8
  ],
  "obstacles": [
    [
      [
        9.000395675620938,
        3.8457905069464
      ],
      [
        9.72306527657656,
        3.8457905069464
      ],
      [
        9.72306527657656,
        4.6526419352454695
      ],
      [
        9.000395675620938,
        4.6526419352454695
      ]
    ],
    [
      [
        5.836697484320691,
        7.775079215817811
      ],
      [
        6.659141448768116,
        7.775079215817811
      ],
      [
        6.659141448768116,
        8.866401384719072
      ],
      [
        5.836697484320691,
        8.866401384719072
      ]
    ],
    [
      [
        4.475393824619468,
        2.743524673945272
      ],
      [
        5.539691536263222,
        2.743524673945272
      ],
      [
        5.539691536263222,
        3.4575548944811523
      ],
      [
        4.475393824619468,
        3.4575548944811523
      ]
    ],
    [
      [
        1.5799305895228968,
        0.02493017076376769
      ],
      [
        2.6594550656142286,
        0.02493017076376769
      ],
      [
        2.6594550656142286,
        1.4310042588039218
      ],
      [
        1.5799305895228968,
        1.4310042588039218
      ]
    ],
    [
      [
        1.7853069806994553,
        8.239711418419391
      ],
      [
        2.8812924909205666,
        8.239711418419391
      ],
      [
        2.8812924909205666,
        9.293031862014738
      ],
      [
        1.7853069806994553,
        9.293031862014738
      ]
    ],
    [
      [
        5.806243905188021,
        1.021441511093458
      ],
      [
        7.111306114564412,
        1.021441511093458
      ],
      [
        7.111306114564412,
        1.8091654014412315
      ],
      [
        5.806243905188021,
        1.8091654014412315
      ]
    ]
  ]
}