{
  "workspace": [
    0,
    10,
    0,
    10
  ],
  "start": [
    1,
    1
  ],
  "goal": [
    8,
    8
  ],
  "obstacles": [
    [
      [
        6.361770154564771,
        7.579391594315545
      ],
      [
        7.437371078948131,
        7.579391594315545
      ],
      [
        7.437371078948131,
        9.046753138523826
      ],
      [
        6.361770154564771,
        9.046753138523826
      ]
    ],
    [
      [
        2.3568539860490225,
        7.739153048697423
      ],
      [
        3.628690071821428,
        7.739153048697423
      ],
      [
        3.628690071821428,
        8.654921036251073
      ],
      [
        2.3568539860490225,
        8.654921036251073
      ]
    ],
    [
      [
        0.07258547861741849,
        4.385684819155571
      ],
      [
        1.1301531055162526,
        4.385684819155571
      ],
      [
        1.1301531055162526,
        5.503146601220164
      ],
      [
        0.07258547861741849,
        5.503146601220164
      ]
    ],
    [
      [
        1.8317596355687185,
        0.643035605872992
      ],
      [
        2.4402861904529844,
        0.643035605872992
      ],
      [
        2.4402861904529844,
        1.9293008607960984
      ],
      [
        1.8317596355687185,
        1.9293008607960984
      ]
    ],
    [
      [
        5.057475655684105,
        4.444321921703027
      ],
      [
        6.150444714137685,
        4.444321921703027
      ],
      [
        6.150444714137685,
        5.625619290990986
      ],
      [
        5.057475655684105,
        5.625619290990986
      ]
    ],
    [
      [
        4.2506256697067055,
        5.914380470204639
      ],
      [
        5.675348820463135,
        5.914380470204639
      ],
      [
        5.675348820463135,
        7.345983799314533
      ],
      [
        4.2506256697067055,
        7.345983799314533
      ]
    ]
  ]
}