{
  "workspace": [
    0,
    10,
    0,
    10
  ],
  "start": [
    1,
    1
  ],
  "goal": [
    8,
    8
  ],
  "obstacles": [
    [
      [
        1.2309305370538168,
        5.866657858725399
      ],
      [
        2.34724378041706,
        5.866657858725399
      ],
      [
        2.34724378041706,
        6.550641610990378
      ],
      [
        1.2309305370538168,
        6.550641610990378
      ]
    ],
    [
      [
        8.431398969688624,
        3.5692228605212843
      ],
      [
        9.523500950360122,
        3.5692228605212843
      ],
      [
        9.523500950360122,
        4.756924580361227
      ],
      [
        8.431398969688624,
        4.756924580361227
      ]
    ],
    [
      [
        5.754968134122842,
        8.946577560952049
      ],
      [
        6.82289624159714,
        8.946577560952049
      ],
      [
        6.82289624159714,
        9.95879458434832
      ],
      [
        5.754968134122842,
        9.95879458434832
      ]
    ],
    [
      [
        6.6524436243383445,
        2.8490381606344455
      ],
      [
        7.337897141123918,
        2.8490381606344455
      ],
      [
        7.337897141123918,
        3.5138090696112583
      ],
      [
        6.6524436243383445,
        3.5138090696112583
      ]
    ],
    [
      [
        4.953529130353862,
        0.2004910422392403
      ],
      [
        5.726068430201826,
        0.2004910422392403
      ],
      [
        5.726068430201826,
        1.5540980151846002
      ],
      [
        4.953529130353862,
        1.5540980151846002
      ]
    ],
    [
      [
        5.006572023532115,
        6.387479108883309
      ],
      [
        5.7102991308217295,
        6.387479108883309
      ],
      [
        5.7102991308217295,
        7.146850142396141
      ],
      [
        5.006572023532115,
        7.146850142396141
      ]
    ]
  ]
}