{
  "workspace": [
    0,
    10,
    0,
    10
  ],
  "start": [
    1,
    1
  ],
  "goal": [
    8,
    8
  ],
  "obstacles": [
    [
      [
        3.32852074782618,
        5.523748430037099
      ],
      [
        4.359933701454577,
        5.523748430037099
      ],
      [
        4.359933701454577,
        6.985487539985479
      ],
      [
        3.32852074782618,
        6.985487539985479
      ]
    ],
    [
      [
        1.1678752295986434,
        6.942038400271279
      ],
      [
        1.994616155165197,
        6.942038400271279
      ],
      [
        1.994616155165197,
        7.562148554649395
      ],
      [
        1.1678752295986434,
        7.562148554649395
      ]
    ],
    [
      [
        1.2997333645075364,
        3.8718930203242183
      ],
      [
        2.292879312662771,
        3.8718930203242183
      ],
      [
        2.292879312662771,
        5.171691344055393
      ],
      [
        1.2997333645075364,
        5.171691344055393
      ]
    ],
    [
      [
        5.6287465188638315,
        1.9256155070251406
      ],
      [
        6.360657907322086,
        1.9256155070251406
      ],
      [
        6.360657907322086,
        2.673653422341294
      ],
      [
        5.6287465188638315,
        2.673653422341294
      ]
    ],
    [
      [
        0.5464444316767608,
        7.80402975419543
      ],
      [
        1.827466313503252,
        7.80402975419543
      ],
      [
        1.827466313503252,
        8.950759137722942
      ],
      [
        0.5464444316767608,
        8.950759137722942
      ]
    ],
    [
      [
        5.065954792094649,
        3.5328045771924126
      ],
      [
        5.851704602100783,
        3.5328045771924126
      ],
      [
        5.851704602100783,
        4.806476954563297
      ],
      [
        5.065954792094649,
        4.806476954563297
      ]
    ]
  ]
}