{
  "workspace": [
    0,
    10,
    0,
    10
  ],
  "start": [
    1,
    1
  ],
  "goal": [
    8,
    8
  ],
  "obstacles": [
    [
      [
        6.784929313211009,
        1.927286080604924
      ],
      [
        7.5434698548056645,
        1.927286080604924
      ],
      [
        7.5434698548056645,
        3.246810962513459
      ],
      [
        6.784929313211009,
        3.246810962513459
      ]
    ],
    [
      [
        4.08013866450678,
        1.8975171801428337
      ],
      [
        5.491317104966944,
        1.8975171801428337
      ],
      [
        5.491317104966944,
        3.3153629015943578
      ],
      [
        4.08013866450678,
        3.3153629015943578
      ]
    ],
    [
      [
        7.3368100679030555,
        6.194835543267777
      ],
      [
        7.991703786998695,
        6.194835543267777
      ],
      [
        7.991703786998695,
        7.51636708443546
      ],
      [
        7.3368100679030555,
        7.51636708443546
      ]
    ],
    [
      [
        3.4193237527346736,
        4.381689195377821
      ],
      [
        4.3505968525899,
        4.381689195377821
      ],
      [
        4.3505968525899,
        5.706205919691301
      ],
      [
        3.4193237527346736,
        5.706205919691301
      ]
    ],
    [
      [
        8.726643681866443,
        5.683194115270129
      ],
      [
        9.333651413193204,
        5.683194115270129
      ],
      [
        9.333651413193204,
        6.8359829894981425
      ],
      [
        8.726643681866443,
        6.8359829894981425
      ]
    ],
    [
      [
        1.774480360061801,
        7.914665052254525
      ],
      [
        2.9515185520856217,
        7.914665052254525
      ],
      [
        2.9515185520856217,
        9.305150508621066
      ],
      [
        1.774480360061801,
        9.305150508621066
      ]
    ]
  ]
}